Workbook

Sheet Overview
F2: Status as of January 1st 2026
B3: SignUp Category | C3: Members | G3: Active | H3: Cancelled
B4: Net_New | C4: 7026 | F4: Net New | G4: ='Renewals and Plan Changes'!D12+'Renewals and Plan Changes'!D16+'Renewals and Plan Changes'!D17+'Renewals and Plan Changes'!D19+'Renewals and Plan Changes'!D20+'Renewals and Plan Changes'!D21 -> 5449 | H4: ='Renewals and Plan Changes'!D13+'Renewals and Plan Changes'!D14+'Renewals and Plan Changes'!D15+'Renewals and Plan Changes'!D18 -> 1538
B5: Renewals | C5: 3651 | F5: Renewals | G5: ='Renewals and Plan Changes'!D22+'Renewals and Plan Changes'!D23+'Renewals and Plan Changes'!D25+'Renewals and Plan Changes'!D26+'Renewals and Plan Changes'!D28+'Renewals and Plan Changes'!D31 -> 3066 | H5: ='Renewals and Plan Changes'!D24+'Renewals and Plan Changes'!D27+'Renewals and Plan Changes'!D29+'Renewals and Plan Changes'!D30 -> 566
B6: Returning | C6: 5734 | F6: Returning | G6: ='Renewals and Plan Changes'!D34+'Renewals and Plan Changes'!D35+'Renewals and Plan Changes'!D36+'Renewals and Plan Changes'!D38+'Renewals and Plan Changes'!D40+'Renewals and Plan Changes'!D41+'Renewals and Plan Changes'!D42 -> 4599 | H6: ='Renewals and Plan Changes'!D32+'Renewals and Plan Changes'!D33+'Renewals and Plan Changes'!D39+'Renewals and Plan Changes'!D37 -> 1131
B7: gift-plan | C7: 2281 | F7: Gift Plan | G7: =SUM('Renewals and Plan Changes'!D5:D8)+'Renewals and Plan Changes'!D10+'Renewals and Plan Changes'!D3+'Renewals and Plan Changes'!D11 -> 765 | H7: 1491
C8: =SUM(C4:C7) -> 18692 | G8: =SUM(G4:G6) -> 13114 | H8: =SUM(H4:H6) -> 3235
C12: Net_New | F12: Renewals | I12: Returning | L12: gift-plan
C13: 2024 | D13: 2025 | E13: % Change | F13: 2024 | G13: 2025 | H13: % Change | I13: 2024 | J13: 2025 | K13: % Change | L13: 2024 | M13: 2025 | N13: % Change
B14: No_of_Visits | C14: 42555 | D14: 72167 | E14: =D14/C14-1 -> 0.69585243 | F14: 44111 | G14: 43674 | H14: =G14/F14-1 -> -0.009906826 | I14: 71704 | J14: 78259 | K14: =J14/I14-1 -> 0.091417494 | L14: 14314 | M14: 25763 | N14: =M14/L14-1 -> 0.7998463
B15: Visits_with_Concession | C15: 26902 | D15: 47606 | E15: =D15/C15-1 -> 0.76960821 | F15: 31003 | G15: 30575 | H15: =G15/F15-1 -> -0.013805116 | I15: 48460 | J15: 52935 | K15: =J15/I15-1 -> 0.092344201 | L15: 9266 | M15: 17236 | N15: =M15/L15-1 -> 0.86013382
B16: Net_Revenue | C16: 1812070.1 | D16: 2681403 | E16: =D16/C16-1 -> 0.47974572 | F16: 1804536 | G16: 1755924.1 | H16: =G16/F16-1 -> -0.026938682 | I16: 2757491.6 | J16: 2854265.9 | K16: =J16/I16-1 -> 0.035095048 | L16: 538468.43 | M16: 887443.61 | N16: =M16/L16-1 -> 0.64808847
B17: No_of_Regular_Tickets | C17: 65756 | D17: 108992 | E17: =D17/C17-1 -> 0.65752175 | F17: 63709 | G17: 61548 | H17: =G17/F17-1 -> -0.033919854 | I17: 101428 | J17: 105933 | K17: =J17/I17-1 -> 0.044415743 | L17: 18444 | M17: 33985 | N17: =M17/L17-1 -> 0.84260464
B18: No_of_Premium_Tickets | C18: 21931 | D18: 36993 | E18: =D18/C18-1 -> 0.68679039 | F18: 26482 | G18: 25968 | H18: =G18/F18-1 -> -0.01940941 | I18: 42079 | J18: 45210 | K18: =J18/I18-1 -> 0.074407662 | L18: 7451 | M18: 12266 | N18: =M18/L18-1 -> 0.64622198
B19: Net_Revenue_Concession | C19: 653858.46 | D19: 987378.13 | E19: =D19/C19-1 -> 0.51007931 | F19: 699872.27 | G19: 695487.58 | H19: =G19/F19-1 -> -0.006264986 | I19: 1022900.5 | J19: 1078291 | K19: =J19/I19-1 -> 0.054150498 | L19: 202399.4 | M19: 345120.94 | N19: =M19/L19-1 -> 0.70514804
B20: Net_Revenue_Tickets | C20: 1050211.7 | D20: 1591193.9 | E20: =D20/C20-1 -> 0.51511726 | F20: 1021775.6 | G20: 984228.19 | H20: =G20/F20-1 -> -0.036747236 | I20: 1611289.1 | J20: 1658997.8 | K20: =J20/I20-1 -> 0.029608975 | L20: 308940.01 | M20: 511091.56 | N20: =M20/L20-1 -> 0.65433917
B21: Member_Tickets | C21: 58347 | D21: 60968 | E21: =D21/C21-1 -> 0.044920904 | F21: 36285 | G21: 36440 | H21: =G21/F21-1 -> 0.0042717376 | I21: 57421 | J21: 57562 | K21: =J21/I21-1 -> 0.0024555476 | L21: 17761 | M21: 20304 | N21: =M21/L21-1 -> 0.14317888
B22: Companion_Tickets | C22: 34485 | D22: 35186 | E22: =D22/C22-1 -> 0.020327679 | F22: 22306 | G22: 22310 | H22: =G22/F22-1 -> 0.00017932395 | I22: 40843 | J22: 40895 | K22: =J22/I22-1 -> 0.001273168 | L22: 11979 | M22: 12609 | N22: =M22/L22-1 -> 0.052592036
B23: Avg Frequency | C23: 6.4350522 | D23: 10.446873 | E23: =D23/C23-1 -> 0.62343256 | F23: 12.225887 | G23: 12.240471 | H23: =G23/F23-1 -> 0.0011928733 | I23: 12.555419 | J23: 13.761034 | K23: =J23/I23-1 -> 0.096023441 | L23: 7.4358442 | M23: 11.480838 | N23: =M23/L23-1 -> 0.5439858
B24: Avg Total Spend per visit | C24: 42.581839 | D24: 37.155529 | E24: =D24/C24-1 -> -0.1274325 | F24: 40.908979 | G24: 40.205251 | H24: =G24/F24-1 -> -0.017202287 | I24: 38.456593 | J24: 36.472046 | K24: =J24/I24-1 -> -0.051604857 | L24: 37.618306 | M24: 34.446439 | N24: =M24/L24-1 -> -0.084317114
B25: Avg Ticket Spend per visit | C25: 27.216818 | D25: 23.473678 | E25: =D25/C25-1 -> -0.1375304 | F25: 25.042817 | G25: 24.280729 | H25: =G25/F25-1 -> -0.030431401 | I25: 24.190995 | J25: 22.693554 | K25: =J25/I25-1 -> -0.061900761 | L25: 23.478345 | M25: 21.050447 | N25: =M25/L25-1 -> -0.1034101
... B34: Uptake Companion Experiences | C34: 0.591033 | D34: 0.577122 | E34: =D34/C34-1 -> -0.023536757 | F34: 0.614744 | G34: 0.612239 | H34: =G34/F34-1 -> -0.0040748669 | I34: 0.71129 | J34: 0.710451 | K34: =J34/I34-1 -> -0.001179547 | L34: 0.674455 | M34: 0.621011 | N34: =M34/L34-1 -> -0.079240275

Sheet Renewals and Plan Changes
A1: Offer_Category | B1: snapshot_plan_id | C1: snapshot_renewal_status | D1: count(DISTINCT CDE_ID)
A2: gift-plan | B2: annual1 | C2: Cancelled_Without_Recognitions_Left | D2: 1
A3: gift-plan | B3: monthly1 | C3: Active_Annnual_Upgrade | D3: 1
A4: gift-plan | B4: gift-plan | C4: Cancelled_With_Recognitions_Left | D4: 1082
A5: gift-plan | B5: gift-plan | C5: Active | D5: 3
A6: gift-plan | B6: annual1 | C6: Active | D6: 277
A7: gift-plan | B7: monthly1 | C7: Active_Non_Renewing | D7: 3
A8: gift-plan | B8: annual1 | C8: Active_Non_Renewing | D8: 8
A9: gift-plan | B9: gift-plan | C9: Cancelled_Without_Recognitions_Left | D9: 408
A10: gift-plan | B10: gift-plan | C10: Active_Non_Renewing | D10: 454
A11: gift-plan | B11: monthly1 | C11: Active | D11: 19
A12: Net_New | B12: gift-plan | C12: Active_Non_Renewing | D12: 52
A13: Net_New | B13: annual1 | C13: Cancelled_Without_Recognitions_Left | D13: 363
... A42: Returning | B42: gift-plan | C42: Active_Non_Renewing | D42: 77
