Workbook

Sheet CONCESSION
B1: Month | C1: CC Transactions | D1: Total Transactions | E1: EXH Transactions | F1: CC Attendance | G1: Total Attendance | H1: EXH Attendance | I1: CC Revenue | J1: Total Revenue | K1: EXH Revenue | L1: EXH Concession | M1: EXH Incidence | N1: Con Incidence (CC Transactions/Total Transactions) | O1: Transaction Count With Concessions | P1: Transaction Count | Q1: Con Incidence 2 | R1: CC Concession (Post Discount) | S1: CC Incidence | T1: CC Concession (Pre Discount)
B2: October | C2: 41023 | D2: 1647367 | E2: =D2-C2 -> 1606344 | F2: 61108 | G2: 3520301 | H2: =G2-F2 -> 3459193 | I2: 635681 | J2: 29210807 | K2: =J2-I2 -> 28575126 | L2: =K2/E2 -> 17.788921 | M2: =E2/H2 -> 0.46436958 | N2: 0.024902162 | O2: 1647367 | P2: 2194604 | Q2: 0.75064431 | R2: =I2/C2 -> 15.495722 | S2: =C2/F2 -> 0.67131963 | T2: =R2/0.8 -> 19.369652
B3: November | C3: 42599 | D3: 1442323 | E3: =D3-C3 -> 1399724 | F3: 63980 | G3: 3025143 | H3: =G3-F3 -> 2961163 | I3: 665093 | J3: 25291582 | K3: =J3-I3 -> 24626489 | L3: =K3/E3 -> 17.593818 | M3: =E3/H3 -> 0.47269401 | N3: 0.029534993 | O3: 1442323 | P3: 1930474 | Q3: 0.74713412 | R3: =I3/C3 -> 15.612878 | S3: =C3/F3 -> 0.66581744 | T3: =R3/0.8 -> 19.516098
B4: December | C4: 34941 | D4: 1351033 | E4: =D4-C4 -> 1316092 | F4: 54802 | G4: 3732471 | H4: =G4-F4 -> 3677669 | I4: 586217.85 | J4: 25684688 | K4: =J4-I4 -> 25098470 | L4: =K4/E4 -> 19.070452 | M4: =E4/H4 -> 0.35786037 | N4: 0.025862433 | O4: 1351033 | P4: 1929262 | Q4: 0.70028488 | R4: =I4/C4 -> 16.777363 | S4: =C4/F4 -> 0.63758622 | T4: =R4/0.8 -> 20.971704
B5: January | C5: 10651 | D5: 455802 | E5: =D5-C5 -> 445151 | F5: 17998 | G5: 906835 | H5: =G5-F5 -> 888837 | I5: 166531.78 | J5: 8543479.2 | K5: =J5-I5 -> 8376947.4 | L5: =K5/E5 -> 18.818215 | M5: =E5/H5 -> 0.50082411 | N5: 0.023367603 | O5: 455802 | P5: 615019 | Q5: 0.74111857 | R5: =I5/C5 -> 15.635319 | S5: =C5/F5 -> 0.59178798 | T5: =R5/0.8 -> 19.544148
B6: February | C6: 30179 | D6: 1024258 | E6: =D6-C6 -> 994079 | F6: 54379 | G6: 2038131 | H6: =G6-F6 -> 1983752 | I6: 487389.06 | J6: 19787729 | K6: =J6-I6 -> 19300340 | L6: =K6/E6 -> 19.415298 | M6: =E6/H6 -> 0.50111052 | N6: 0.029464256 | O6: 1024258 | P6: 1382855 | Q6: 0.74068359 | R6: =I6/C6 -> 16.149941 | S6: =C6/F6 -> 0.55497527 | T6: =R6/0.8 -> 20.187426
B7: March | C7: 40920 | D7: 1849576 | E7: =D7-C7 -> 1808656 | F7: 57577 | G7: 3730415 | H7: =G7-F7 -> 3672838 | I7: 672859.36 | J7: 34721884 | K7: =J7-I7 -> 34049025 | L7: =K7/E7 -> 18.825595 | M7: =E7/H7 -> 0.492441 | N7: 0.022123989 | O7: 1849576 | P7: 2378461 | Q7: 0.77763562 | R7: =I7/C7 -> 16.443288 | S7: =C7/F7 -> 0.71070045 | T7: =R7/0.8 -> 20.55411
B8: April | C8: 43301 | D8: 1482533 | E8: =D8-C8 -> 1439232 | F8: 76154 | G8: 3090704 | H8: =G8-F8 -> 3014550 | I8: 703866.36 | J8: 28334876 | K8: =J8-I8 -> 27631010 | L8: =K8/E8 -> 19.19844 | M8: =E8/H8 -> 0.47742847 | N8: 0.029207444 | O8: 1482533 | P8: 1938934 | Q8: 0.76461241 | R8: =I8/C8 -> 16.255199 | S8: =C8/F8 -> 0.56859784 | T8: =R8/0.8 -> 20.318998
B9: May | C9: 56811 | D9: 1877454 | E9: =D9-C9 -> 1820643 | F9: 77698 | G9: 3945961 | H9: =G9-F9 -> 3868263 | I9: 951241.21 | J9: 35434504 | K9: =J9-I9 -> 34483263 | L9: =K9/E9 -> 18.940156 | M9: =E9/H9 -> 0.47066164 | N9: 0.030259596 | O9: 1877454 | P9: 2476744 | Q9: 0.75803313 | R9: =I9/C9 -> 16.743962 | S9: =C9/F9 -> 0.73117712 | T9: =R9/0.8 -> 20.929952
B10: June | C10: 54861 | D10: 1932914 | E10: =D10-C10 -> 1878053 | F10: 90597 | G10: 4092857 | H10: =G10-F10 -> 4002260 | I10: 941085.66 | J10: 38201982 | K10: =J10-I10 -> 37260897 | L10: =K10/E10 -> 19.840173 | M10: =E10/H10 -> 0.46924812 | R10: =I10/C10 -> 17.154001 | S10: =C10/F10 -> 0.60554985 | T10: =R10/0.8 -> 21.442502
B11: July | C11: 77762 | D11: 2562566 | E11: =D11-C11 -> 2484804 | F11: 108316 | G11: 5599624 | H11: =G11-F11 -> 5491308 | I11: 1337580.2 | J11: 48802349 | K11: =J11-I11 -> 47464769 | L11: =K11/E11 -> 19.102017 | M11: =E11/H11 -> 0.45249766 | R11: =I11/C11 -> 17.200949 | S11: =C11/F11 -> 0.71791794 | T11: =R11/0.8 -> 21.501186
B12: August | C12: 55290 | D12: 1531400 | E12: =D12-C12 -> 1476110 | F12: 76124 | G12: 3214476 | H12: =G12-F12 -> 3138352 | I12: 882808.51 | J12: 27858566 | K12: =J12-I12 -> 26975757 | L12: =K12/E12 -> 18.274896 | M12: =E12/H12 -> 0.47034558 | R12: =I12/C12 -> 15.966875 | S12: =C12/F12 -> 0.72631496 | T12: =R12/0.8 -> 19.958594
B13: September | C13: 45900 | D13: 1126453 | E13: =D13-C13 -> 1080553 | F13: 65757 | G13: 2295215 | H13: =G13-F13 -> 2229458 | I13: 692178.17 | J13: 19384660 | K13: =J13-I13 -> 18692482 | L13: =K13/E13 -> 17.298996 | M13: =E13/H13 -> 0.48467071 | R13: =I13/C13 -> 15.080134 | S13: =C13/F13 -> 0.69802454 | T13: =R13/0.8 -> 18.850168
B14: October | C14: 59188 | D14: 1433378 | E14: =D14-C14 -> 1374190 | F14: 98074 | G14: 2747834 | H14: =G14-F14 -> 2649760 | I14: 955008.86 | J14: 25115043 | K14: =J14-I14 -> 24160035 | L14: =K14/E14 -> 17.581291 | M14: =E14/H14 -> 0.51860923 | R14: =I14/C14 -> 16.135177 | S14: =C14/F14 -> 0.60350348 | T14: =R14/0.8 -> 20.168971
B15: November | C15: 67580 | D15: 1504824 | E15: =D15-C15 -> 1437244 | F15: 116077 | G15: 2952656 | H15: =G15-F15 -> 2836579 | I15: 1103207.2 | J15: 27053945 | K15: =J15-I15 -> 25950738 | L15: =K15/E15 -> 18.055903 | M15: =E15/H15 -> 0.50668217 | R15: =I15/C15 -> 16.324463 | S15: =C15/F15 -> 0.58219975 | T15: =R15/0.8 -> 20.405579
B16: December | C16: 66172 | D16: 1699119 | E16: =D16-C16 -> 1632947 | F16: 116768 | G16: 3535916 | H16: =G16-F16 -> 3419148 | I16: 1166957.9 | J16: 33128232 | K16: =J16-I16 -> 31961274 | L16: =K16/E16 -> 19.572757 | M16: =E16/H16 -> 0.47758886 | R16: =I16/C16 -> 17.635221 | S16: =C16/F16 -> 0.56669636 | T16: =R16/0.8 -> 22.044027
B17: January | C17: 64534 | D17: 1754081 | E17: =D17-C17 -> 1689547 | F17: 108397 | G17: 3591350 | H17: =G17-F17 -> 3482953 | I17: 1029774.8 | J17: 31851101 | K17: =J17-I17 -> 30821326 | L17: =K17/E17 -> 18.242361 | M17: =E17/H17 -> 0.48509038 | R17: =I17/C17 -> 15.957089 | S17: =C17/F17 -> 0.59534858 | T17: =R17/0.8 -> 19.946361
B18: February | C18: 68394 | D18: 1432083 | E18: =D18-C18 -> 1363689 | F18: 116530 | G18: 2895195 | H18: =G18-F18 -> 2778665 | I18: 1132059.5 | J18: 26073577 | K18: =J18-I18 -> 24941518 | L18: =K18/E18 -> 18.28974 | M18: =E18/H18 -> 0.49077129 | R18: =I18/C18 -> 16.55203 | S18: =C18/F18 -> 0.58692182 | T18: =R18/0.8 -> 20.690037
B19: March | C19: 81149 | D19: 1714962 | E19: =D19-C19 -> 1633813 | F19: 138164 | G19: 3301569 | H19: =G19-F19 -> 3163405 | I19: 1315535.8 | J19: 31453239 | K19: =J19-I19 -> 30137703 | L19: =K19/E19 -> 18.446238 | M19: =E19/H19 -> 0.51647291 | R19: =I19/C19 -> 16.211362 | S19: =C19/F19 -> 0.58733824 | T19: =R19/0.8 -> 20.264202
B20: April | C20: 101832 | D20: 2205566 | E20: =D20-C20 -> 2103734 | F20: 177089 | G20: 4786518 | H20: =G20-F20 -> 4609429 | I20: 1796526.5 | J20: 45338619 | K20: =J20-I20 -> 43542093 | L20: =K20/E20 -> 20.697528 | M20: =E20/H20 -> 0.45639796 | R20: =I20/C20 -> 17.642062 | S20: =C20/F20 -> 0.57503289 | T20: =R20/0.8 -> 22.052578
B21: May | C21: 98128 | D21: 1781570 | E21: =D21-C21 -> 1683442 | F21: 164343 | G21: 3617675 | H21: =G21-F21 -> 3453332 | I21: 1673766.3 | J21: 34406952 | K21: =J21-I21 -> 32733186 | L21: =K21/E21 -> 19.444202 | M21: =E21/H21 -> 0.48748339 | R21: =I21/C21 -> 17.056969 | S21: =C21/F21 -> 0.59709267 | T21: =R21/0.8 -> 21.321212
... B53: January | C53: 147845 | D53: 1774102 | E53: =D53-C53 -> 1626257 | F53: 292292 | G53: 3310564 | H53: =G53-F53 -> 3018272 | I53: 2365034.9 | J53: 33413390 | K53: =J53-I53 -> 31048355 | L53: =K53/E53 -> 19.091912 | M53: =E53/H53 -> 0.53880399 | R53: =I53/C53 -> 15.996719 | S53: =C53/F53 -> 0.50581268 | T53: =R53/0.8 -> 19.995898

Sheet TRENDED
C1: Concession Spend | G1: Concession Incidence
B2: Month | C2: EXH | D2: CC Pre Discount | E2: % increment from EXH | F2: CC Post Discount | G2: EXH | H2: CC
B3: October | C3: =CONCESSION!L2 -> 17.788921 | D3: =F3/0.8 -> 19.369652 | E3: =(D3/C3)-1 -> 0.088860466 | F3: =CONCESSION!R2 -> 15.495722 | G3: =CONCESSION!M2 -> 0.46436958 | H3: 0.67131963
B4: November | C4: =CONCESSION!L3 -> 17.593818 | D4: =F4/0.8 -> 19.516098 | E4: =(D4/C4)-1 -> 0.10925882 | F4: =CONCESSION!R3 -> 15.612878 | G4: =CONCESSION!M3 -> 0.47269401 | H4: 0.66581744
B5: December | C5: =CONCESSION!L4 -> 19.070452 | D5: =F5/0.8 -> 20.971704 | E5: =(D5/C5)-1 -> 0.099696202 | F5: =CONCESSION!R4 -> 16.777363 | G5: =CONCESSION!M4 -> 0.35786037 | H5: 0.63758622
B6: January | C6: =CONCESSION!L5 -> 18.818215 | D6: =F6/0.8 -> 19.544148 | E6: =(D6/C6)-1 -> 0.038576086 | F6: =CONCESSION!R5 -> 15.635319 | G6: =CONCESSION!M5 -> 0.50082411 | H6: 0.59178798
B7: February | C7: =CONCESSION!L6 -> 19.415298 | D7: =F7/0.8 -> 20.187426 | E7: =(D7/C7)-1 -> 0.039769057 | F7: =CONCESSION!R6 -> 16.149941 | G7: =CONCESSION!M6 -> 0.50111052 | H7: 0.55497527
B8: March | C8: =CONCESSION!L7 -> 18.825595 | D8: =F8/0.8 -> 20.55411 | E8: =(D8/C8)-1 -> 0.091817317 | F8: =CONCESSION!R7 -> 16.443288 | G8: =CONCESSION!M7 -> 0.492441 | H8: 0.71070045
B9: April | C9: =CONCESSION!L8 -> 19.19844 | D9: =F9/0.8 -> 20.318998 | E9: =(D9/C9)-1 -> 0.058367147 | F9: =CONCESSION!R8 -> 16.255199 | G9: =CONCESSION!M8 -> 0.47742847 | H9: 0.56859784
B10: May | C10: =CONCESSION!L9 -> 18.940156 | D10: =F10/0.8 -> 20.929952 | E10: =(D10/C10)-1 -> 0.10505699 | F10: =CONCESSION!R9 -> 16.743962 | G10: =CONCESSION!M9 -> 0.47066164 | H10: 0.73117712
B11: June | C11: =CONCESSION!L10 -> 19.840173 | D11: =F11/0.8 -> 21.442502 | E11: =(D11/C11)-1 -> 0.080761812 | F11: =CONCESSION!R10 -> 17.154001 | G11: =CONCESSION!M10 -> 0.46924812 | H11: 0.60554985
B12: July | C12: 19.102017 | D12: 21.501186 | E12: =(D12/C12)-1 -> 0.12559764 | F12: 17.200949 | G12: 0.45338547 | H12: 0.71791794
B13: August | C13: 18.274896 | D13: 19.958594 | E13: =(D13/C13)-1 -> 0.092131707 | F13: 15.966875 | G13: 0.4705777 | H13: 0.73
B14: September | C14: 17.298996 | D14: 18.850168 | E14: =(D14/C14)-1 -> 0.089668328 | F14: 15.080134 | G14: 0.48467071 | H14: 0.69802454
B15: October | C15: 17.581291 | D15: 20.168971 | E15: =(D15/C15)-1 -> 0.14718374 | F15: 16.135177 | G15: 0.51860923 | H15: 0.60350348
B16: November | C16: 18.055903 | D16: 20.405579 | E16: =(D16/C16)-1 -> 0.13013342 | F16: 16.324463 | G16: 0.50668217 | H16: 0.58219975
B17: December | C17: 19.572757 | D17: 22.044027 | E17: =(D17/C17)-1 -> 0.12626069 | F17: 17.635221 | G17: 0.47758886 | H17: 0.56669636
B18: January | C18: 18.242361 | D18: 19.946361 | E18: =(D18/C18)-1 -> 0.093409003 | F18: 15.957089 | G18: 0.48509038 | H18: 0.59818507
B19: February | C19: 18.28974 | D19: 20.690037 | E19: =(D19/C19)-1 -> 0.13123733 | F19: 16.55203 | G19: 0.49077129 | H19: 0.58692182
B20: March | C20: 18.446238 | D20: 20.264202 | E20: =(D20/C20)-1 -> 0.098554762 | F20: 16.211362 | G20: 0.51647291 | H20: 0.58733824
B21: April | C21: 20.697528 | D21: 22.052578 | E21: =(D21/C21)-1 -> 0.065469178 | F21: 17.642062 | G21: 0.45639796 | H21: 0.57503289
B22: May | C22: 19.444202 | D22: 21.321212 | E22: =(D22/C22)-1 -> 0.096533161 | F22: 17.056969 | G22: 0.48748339 | H22: 0.59709267
B23: June | C23: 19.428437 | D23: 21.319872 | E23: =(D23/C23)-1 -> 0.09735397 | F23: 17.055898 | G23: 0.47751132 | H23: 0.58308266
... B53: December | C53: 20.603497 | D53: 22.807843 | E53: =(D53/C53)-1 -> 0.10698894 | F53: 18.246274 | G53: 0.48043086 | H53: 0.46030788
B54: January | C54: =CONCESSION!L53 -> 19.091912 | D54: =CONCESSION!T53 -> 19.995898 | E54: =(D54/C54)-1 -> 0.047349183 | F54: =CONCESSION!R53 -> 15.996719 | G54: =CONCESSION!M53 -> 0.53880399 | H54: =CONCESSION!S53 -> 0.50581268
