Workbook

Sheet All Email Performance
A1: Email Name | B1: Audience | C1: Business Unit | D1: Send Date | E1: Sends | F1: Delivery Rate | G1: Overall Bounces | H1: Unique Opens | I1: Open Rate | J1: Unique Clicks | K1: CTR | L1: CTO | M1: Unsubscribes | N1: Unsubscribe Rate | O1: Reporting
A2: PDM Promo Gaming Offer Dartmouth | B2: SCENE | C2: LBE | D2: 44928 | E2: 13198 | F2: =(E2-G2)/E2 -> 0.99712078 | G2: 38 | H2: 5485 | I2: =H2/E2 -> 0.41559327 | J2: 299 | K2: =J2/E2 -> 0.022654948 | L2: =J2/H2 -> 0.054512306 | M2: 90 | N2: =M2/E2 -> 0.006819215 | O2: LBE
A3: PDM Promo Gaming Offer Brampton | B3: SCENE | C3: LBE | D3: 44928 | E3: 12645 | F3: =(E3-G3)/E3 -> 0.99596679 | G3: 51 | H3: 5245 | I3: =H3/E3 -> 0.41478845 | J3: 196 | K3: =J3/E3 -> 0.015500198 | L3: =J3/H3 -> 0.037368923 | M3: 64 | N3: =M3/E3 -> 0.005061289 | O3: LBE
A4: PDM Promo Gaming Offer Whitby | B4: SCENE | C4: LBE | D4: 44928 | E4: 11705 | F4: =(E4-G4)/E4 -> 0.99589919 | G4: 48 | H4: 4726 | I4: =H4/E4 -> 0.40375908 | J4: 265 | K4: =J4/E4 -> 0.022639897 | L4: =J4/H4 -> 0.056072789 | M4: 81 | N4: =M4/E4 -> 0.0069201196 | O4: LBE
A5: Tuesday Deals FR | B5: SCENE | C5: Theatrical | D5: 44929 | E5: 22244 | F5: =(E5-G5)/E5 -> 0.99878619 | G5: 27 | H5: 7887 | I5: =H5/E5 -> 0.35456752 | J5: 378 | K5: =J5/E5 -> 0.016993347 | L5: =J5/H5 -> 0.047926968 | M5: 19 | N5: =M5/E5 -> 0.00085416292 | O5: Theatrical
A6: Tuesday Deals EN | B6: SCENE | C6: Theatrical | D6: 44929 | E6: 194636 | F6: =(E6-G6)/E6 -> 0.99814526 | G6: 361 | H6: 69766 | I6: =H6/E6 -> 0.35844345 | J6: 1647 | K6: =J6/E6 -> 0.0084619495 | L6: =J6/H6 -> 0.023607488 | M6: 157 | N6: =M6/E6 -> 0.00080663392 | O6: Theatrical
A7: Tuesday Deals FR | B7: CONNECT | C7: Theatrical | D7: 44929 | E7: 17887 | F7: =(E7-G7)/E7 -> 0.99921731 | G7: 14 | H7: 6856 | I7: =H7/E7 -> 0.38329513 | J7: 224 | K7: =J7/E7 -> 0.012523061 | L7: =J7/H7 -> 0.032672112 | M7: 38 | N7: =M7/E7 -> 0.0021244479 | O7: Theatrical
A8: Tuesday Deals EN | B8: CONNECT | C8: Theatrical | D8: 44929 | E8: 354949 | F8: =(E8-G8)/E8 -> 0.99838287 | G8: 574 | H8: 141863 | I8: =H8/E8 -> 0.3996715 | J8: 2270 | K8: =J8/E8 -> 0.006395285 | L8: =J8/H8 -> 0.016001353 | M8: 606 | N8: =M8/E8 -> 0.0017072875 | O8: Theatrical
A9: Cast Pass | C9: Other | D9: 44930 | E9: 321 | F9: =(E9-G9)/E9 -> 1 | G9: 0 | H9: 108 | I9: =H9/E9 -> 0.3364486 | J9: 4 | K9: =J9/E9 -> 0.012461059 | L9: =J9/H9 -> 0.037037037 | M9: 0 | N9: =M9/E9 -> 0 | O9: Other
A10: Film Anticipation FR | B10: SCENE | C10: TARA | D10: 44931 | E10: 9491 | F10: =(E10-G10)/E10 -> 0.98672427 | G10: 126 | H10: 2942 | I10: =H10/E10 -> 0.30997787 | J10: 391 | K10: =J10/E10 -> 0.041196923 | L10: =J10/H10 -> 0.13290279 | M10: 17 | N10: =M10/E10 -> 0.0017911706 | O10: Survey
A11: Film Anticipation EN | B11: SCENE | C11: TARA | D11: 44931 | E11: 85400 | F11: =(E11-G11)/E11 -> 0.97702576 | G11: 1962 | H11: 30869 | I11: =H11/E11 -> 0.3614637 | J11: 3607 | K11: =J11/E11 -> 0.042236534 | L11: =J11/H11 -> 0.11684862 | M11: 336 | N11: =M11/E11 -> 0.0039344262 | O11: Survey
A12: Employee Pincode | C12: Other | D12: 44931 | E12: 1678 | F12: =(E12-G12)/E12 -> 0.9988081 | G12: 2 | H12: 591 | I12: =H12/E12 -> 0.35220501 | J12: 23 | K12: =J12/E12 -> 0.013706794 | L12: =J12/H12 -> 0.03891709 | M12: 0 | N12: =M12/E12 -> 0 | O12: Other
A13: Friday What's On FR | B13: SCENE | C13: Theatrical | D13: 44932 | E13: 95994 | F13: =(E13-G13)/E13 -> 0.99888535 | G13: 107 | H13: 30775 | I13: =H13/E13 -> 0.32059295 | J13: 946 | K13: =J13/E13 -> 0.0098547826 | L13: =J13/H13 -> 0.030739236 | M13: 86 | N13: =M13/E13 -> 0.00089588933 | O13: Theatrical
A14: Friday What's On EN | B14: SCENE | C14: Theatrical | D14: 44932 | E14: 1750473 | F14: =(E14-G14)/E14 -> 0.99671403 | G14: 5752 | H14: 625509 | I14: =H14/E14 -> 0.35733713 | J14: 12915 | K14: =J14/E14 -> 0.0073780058 | L14: =J14/H14 -> 0.020647185 | M14: 2797 | N14: =M14/E14 -> 0.0015978538 | O14: Theatrical
A15: Friday What's On FR | B15: CONNECT | C15: Theatrical | D15: 44932 | E15: 223652 | F15: =(E15-G15)/E15 -> 0.99710711 | G15: 647 | H15: 78135 | I15: =H15/E15 -> 0.34935972 | J15: 3430 | K15: =J15/E15 -> 0.015336326 | L15: =J15/H15 -> 0.043898381 | M15: 1896 | N15: =M15/E15 -> 0.008477456 | O15: Theatrical
A16: Friday What's On EN | B16: CONNECT | C16: Theatrical | D16: 44932 | E16: 2511131 | F16: =(E16-G16)/E16 -> 0.99525075 | G16: 11926 | H16: 923449 | I16: =H16/E16 -> 0.36774226 | J16: 23859 | K16: =J16/E16 -> 0.0095012964 | L16: =J16/H16 -> 0.025836836 | M16: 11684 | N16: =M16/E16 -> 0.0046528835 | O16: Theatrical
A17: Edmonton Closure EN | B17: SCENE | C17: Theatrical | D17: 44932 | E17: 4172 | F17: =(E17-G17)/E17 -> 0.99856184 | G17: 6 | H17: 1614 | I17: =H17/E17 -> 0.38686481 | J17: 24 | K17: =J17/E17 -> 0.0057526366 | L17: =J17/H17 -> 0.014869888 | M17: 4 | N17: =M17/E17 -> 0.00095877277 | O17: Theatrical
A18: Edmonton Closure EN | B18: CONNECT | C18: Theatrical | D18: 44932 | E18: 2196 | F18: =(E18-G18)/E18 -> 0.99908925 | G18: 2 | H18: 865 | I18: =H18/E18 -> 0.393898 | J18: 15 | K18: =J18/E18 -> 0.0068306011 | L18: =J18/H18 -> 0.01734104 | M18: 4 | N18: =M18/E18 -> 0.0018214936 | O18: Theatrical
A19: Movie Guide EN 24MT | B19: CONNECT | C19: Store | D19: 44932 | E19: 229503 | F19: =(E19-G19)/E19 -> 0.99866233 | G19: 307 | H19: 105460 | I19: =H19/E19 -> 0.45951469 | J19: 2616 | K19: =J19/E19 -> 0.011398544 | L19: =J19/H19 -> 0.024805614 | M19: 317 | N19: =M19/E19 -> 0.0013812456 | O19: Store
A20: Movie Guide EN | B20: CONNECT | C20: Store | D20: 44932 | E20: 327320 | F20: =(E20-G20)/E20 -> 0.9971618 | G20: 929 | H20: 123722 | I20: =H20/E20 -> 0.37798485 | J20: 3484 | K20: =J20/E20 -> 0.010644018 | L20: =J20/H20 -> 0.028159907 | M20: 473 | N20: =M20/E20 -> 0.001445069 | O20: Store
A21: Movie Guide FR | B21: CONNECT | C21: Store | D21: 44933 | E21: 13458 | F21: =(E21-G21)/E21 -> 0.99903403 | G21: 13 | H21: 4436 | I21: =H21/E21 -> 0.32961807 | J21: 200 | K21: =J21/E21 -> 0.014861049 | L21: =J21/H21 -> 0.045085663 | M21: 42 | N21: =M21/E21 -> 0.0031208203 | O21: Store
A22: Arts & Culture Newsletter FR | B22: SCENE | C22: Theatrical | D22: 44933 | E22: 1320 | F22: =(E22-G22)/E22 -> 0.99848485 | G22: 2 | H22: 655 | I22: =H22/E22 -> 0.49621212 | J22: 100 | K22: =J22/E22 -> 0.075757576 | L22: =J22/H22 -> 0.15267176 | M22: 4 | N22: =M22/E22 -> 0.003030303 | O22: Theatrical
A23: Arts & Culture Newsletter EN | B23: SCENE | C23: Theatrical | D23: 44933 | E23: 10010 | F23: =(E23-G23)/E23 -> 0.9989011 | G23: 11 | H23: 4668 | I23: =H23/E23 -> 0.46633367 | J23: 555 | K23: =J23/E23 -> 0.055444555 | L23: =J23/H23 -> 0.1188946 | M23: 7 | N23: =M23/E23 -> 0.0006993007 | O23: Theatrical
A24: Arts & Culture Newsletter FR | B24: CONNECT | C24: Theatrical | D24: 44933 | E24: 571 | F24: =(E24-G24)/E24 -> 0.99649737 | G24: 2 | H24: 268 | I24: =H24/E24 -> 0.46935201 | J24: 18 | K24: =J24/E24 -> 0.031523643 | L24: =J24/H24 -> 0.067164179 | M24: 4 | N24: =M24/E24 -> 0.0070052539 | O24: Theatrical
... A37: Puss In Boots EN | B37: SCENE | C37: Store | D37: 44936 | E37: 169230 | F37: =(E37-G37)/E37 -> 0.99881818 | G37: 200 | H37: 74958 | I37: =H37/E37 -> 0.44293565 | J37: 970 | K37: =J37/E37 -> 0.0057318442 | L37: =J37/H37 -> 0.01294058 | M37: 184 | N37: =M37/E37 -> 0.0010872777 | O37: Store
A38: Employee Pincode | C38: Other | D38: 44938 | E38: 1672 | F38: =(E38-G38)/E38 -> 1 | G38: 0 | H38: 601 | I38: =H38/E38 -> 0.35944976 | J38: 18 | K38: =J38/E38 -> 0.01076555 | L38: =J38/H38 -> 0.029950083 | M38: 0 | N38: =M38/E38 -> 0 | O38: Other
A39: BTS Yet To Come FR | B39: CONNECT | C39: Theatrical | D39: 44938 | E39: 33268 | F39: =(E39-G39)/E39 -> 0.99819647 | G39: 60 | H39: 10310 | I39: =H39/E39 -> 0.30990742 | J39: 198 | K39: =J39/E39 -> 0.0059516653 | L39: =J39/H39 -> 0.019204656 | M39: 161 | N39: =M39/E39 -> 0.0048394854 | O39: Theatrical
A40: BTS Yet To Come FR | B40: SCENE | C40: Theatrical | D40: 44938 | E40: 57823 | F40: =(E40-G40)/E40 -> 0.99915259 | G40: 49 | H40: 15025 | I40: =H40/E40 -> 0.2598447 | J40: 136 | K40: =J40/E40 -> 0.0023520053 | L40: =J40/H40 -> 0.0090515807 | M40: 31 | N40: =M40/E40 -> 0.00053611885 | O40: Theatrical
A41: BTS Yet To Come EN | B41: CONNECT | C41: Theatrical | D41: 44938 | E41: 503909 | F41: =(E41-G41)/E41 -> 0.99717409 | G41: 1424 | H41: 185312 | I41: =H41/E41 -> 0.36774894 | J41: 2675 | K41: =J41/E41 -> 0.0053084982 | L41: =J41/H41 -> 0.014435115 | M41: 1796 | N41: =M41/E41 -> 0.0035641356 | O41: Theatrical
A42: BTS Yet To Come EN | B42: SCENE | C42: Theatrical | D42: 44938 | E42: 933758 | F42: =(E42-G42)/E42 -> 0.99778744 | G42: 2066 | H42: 328255 | I42: =H42/E42 -> 0.35154183 | J42: 3131 | K42: =J42/E42 -> 0.0033531172 | L42: =J42/H42 -> 0.0095383162 | M42: 1083 | N42: =M42/E42 -> 0.0011598294 | O42: Theatrical
A43: Friday What's On FR | B43: SCENE | C43: Theatrical | D43: 44939 | E43: 96595 | F43: =(E43-G43)/E43 -> 0.99883017 | G43: 113 | H43: 31810 | I43: =H43/E43 -> 0.32931311 | J43: 847 | K43: =J43/E43 -> 0.0087685698 | L43: =J43/H43 -> 0.026626847 | M43: 78 | N43: =M43/E43 -> 0.00080749521 | O43: Theatrical
A44: Friday What's On FR | B44: CONNECT | C44: Theatrical | D44: 44939 | E44: 226314 | F44: =(E44-G44)/E44 -> 0.99721184 | G44: 631 | H44: 81138 | I44: =H44/E44 -> 0.35851958 | J44: 2838 | K44: =J44/E44 -> 0.012540099 | L44: =J44/H44 -> 0.034977446 | M44: 1339 | N44: =M44/E44 -> 0.0059165584 | O44: Theatrical
A45: Friday What's On EN | B45: SCENE | C45: Theatrical | D45: 44939 | E45: 1768850 | F45: =(E45-G45)/E45 -> 0.99685219 | G45: 5568 | H45: 643388 | I45: =H45/E45 -> 0.36373237 | J45: 11627 | K45: =J45/E45 -> 0.0065731973 | L45: =J45/H45 -> 0.018071521 | M45: 2397 | N45: =M45/E45 -> 0.0013551177 | O45: Theatrical
A46: Friday What's On EN | B46: CONNECT | C46: Theatrical | D46: 44939 | E46: 2523494 | F46: =(E46-G46)/E46 -> 0.99528154 | G46: 11907 | H46: 918692 | I46: =H46/E46 -> 0.36405555 | J46: 20283 | K46: =J46/E46 -> 0.0080376652 | L46: =J46/H46 -> 0.022078128 | M46: 9972 | N46: =M46/E46 -> 0.0039516638 | O46: Theatrical
A47: Movie Guide EN 24MT | B47: CONNECT | C47: Store | D47: 44939 | E47: 252620 | F47: =(E47-G47)/E47 -> 0.99887974 | G47: 283 | H47: 95330 | I47: =H47/E47 -> 0.37736521 | J47: 2226 | K47: =J47/E47 -> 0.0088116539 | L47: =J47/H47 -> 0.023350467 | M47: 330 | N47: =M47/E47 -> 0.0013063099 | O47: Store
A48: Movie Guide EN | B48: CONNECT | C48: Store | D48: 44939 | E48: 334315 | F48: =(E48-G48)/E48 -> 0.99789121 | G48: 705 | H48: 101194 | I48: =H48/E48 -> 0.30269058 | J48: 2570 | K48: =J48/E48 -> 0.0076873607 | L48: =J48/H48 -> 0.025396763 | M48: 321 | N48: =M48/E48 -> 0.00096017229 | O48: Store
A49: Adv Tickets Ant Man Quantumania FR | B49: SCENE | C49: Theatrical | D49: 44942 | E49: 117955 | F49: =(E49-G49)/E49 -> 0.99886397 | G49: 134 | H49: 42090 | I49: =H49/E49 -> 0.35683099 | J49: 693 | K49: =J49/E49 -> 0.0058751219 | L49: =J49/H49 -> 0.016464718 | M49: 104 | N49: =M49/E49 -> 0.00088169217 | O49: Theatrical
A50: Adv Tickets Ant Man Quantumania FR | B50: CONNECT | C50: Theatrical | D50: 44942 | E50: 227708 | F50: =(E50-G50)/E50 -> 0.99702689 | G50: 677 | H50: 86575 | I50: =H50/E50 -> 0.38020184 | J50: 2769 | K50: =J50/E50 -> 0.012160311 | L50: =J50/H50 -> 0.031983829 | M50: 2077 | N50: =M50/E50 -> 0.0091213308 | O50: Theatrical
... A60: Pathaan Primary Audience EN | B60: SCENE | C60: Theatrical | D60: 44944 | E60: 288246 | F60: =(E60-G60)/E60 -> 0.99808844 | G60: 551 | H60: 170575 | I60: =H60/E60 -> 0.59176884 | J60: 4871 | K60: =J60/E60 -> 0.01689876 | L60: =J60/H60 -> 0.028556354 | M60: 276 | N60: =M60/E60 -> 0.00095751546 | O60: Theatrical
A61: Cast Pass | C61: Other | D61: 44944 | E61: 315 | F61: =(E61-G61)/E61 -> 1 | G61: 0 | H61: 82 | I61: =H61/E61 -> 0.26031746 | J61: 7 | K61: =J61/E61 -> 0.022222222 | L61: =J61/H61 -> 0.085365854 | M61: 0 | N61: =M61/E61 -> 0 | O61: Other
A62: National Popcorn Day FR | B62: SCENE | C62: Theatrical | D62: 44944 | E62: 111097 | F62: =(E62-G62)/E62 -> 0.99912689 | G62: 97 | H62: 39756 | I62: =H62/E62 -> 0.35784945 | J62: 1074 | K62: =J62/E62 -> 0.0096672277 | L62: =J62/H62 -> 0.02701479 | M62: 54 | N62: =M62/E62 -> 0.00048606173 | O62: Theatrical
A63: National Popcorn Day EN | B63: SCENE | C63: Theatrical | D63: 44944 | E63: 1896017 | F63: =(E63-G63)/E63 -> 0.997115 | G63: 5470 | H63: 860136 | I63: =H63/E63 -> 0.45365416 | J63: 19533 | K63: =J63/E63 -> 0.010302123 | L63: =J63/H63 -> 0.022709199 | M63: 2275 | N63: =M63/E63 -> 0.0011998838 | O63: Theatrical
A64: National Popcorn Day FR | B64: SCENE | C64: Store | D64: 44944 | E64: 13312 | F64: =(E64-G64)/E64 -> 0.99939904 | G64: 8 | H64: 4857 | I64: =H64/E64 -> 0.36485877 | J64: 100 | K64: =J64/E64 -> 0.0075120192 | L64: =J64/H64 -> 0.020588841 | M64: 21 | N64: =M64/E64 -> 0.001577524 | O64: Store
A65: National Popcorn Day FR | B65: Connect | C65: Store | D65: 44944 | E65: 12562 | F65: =(E65-G65)/E65 -> 0.99872632 | G65: 16 | H65: 4407 | I65: =H65/E65 -> 0.35081993 | J65: 124 | K65: =J65/E65 -> 0.0098710396 | L65: =J65/H65 -> 0.028137055 | M65: 42 | N65: =M65/E65 -> 0.0033434167 | O65: Store
A66: National Popcorn Day EN | B66: SCENE | C66: Store | D66: 44944 | E66: 267738 | F66: =(E66-G66)/E66 -> 0.99876372 | G66: 331 | H66: 128054 | I66: =H66/E66 -> 0.47828101 | J66: 2534 | K66: =J66/E66 -> 0.0094644765 | L66: =J66/H66 -> 0.019788527 | M66: 182 | N66: =M66/E66 -> 0.00067976903 | O66: Store
A67: National Popcorn Day EN | B67: Connect | C67: Store | D67: 44944 | E67: 216958 | F67: =(E67-G67)/E67 -> 0.99808258 | G67: 416 | H67: 109518 | I67: =H67/E67 -> 0.50478895 | J67: 2556 | K67: =J67/E67 -> 0.011781082 | L67: =J67/H67 -> 0.023338629 | M67: 504 | N67: =M67/E67 -> 0.0023230303 | O67: Store
A68: Employee Pincode | C68: Other | D68: 44945 | E68: 1675 | F68: =(E68-G68)/E68 -> 0.99880597 | G68: 2 | H68: 575 | I68: =H68/E68 -> 0.34328358 | J68: 20 | K68: =J68/E68 -> 0.011940299 | L68: =J68/H68 -> 0.034782609 | M68: 0 | N68: =M68/E68 -> 0 | O68: Other
A69: Scene Redemption Offer FR | B69: SCENE | C69: Theatrical | D69: 44945 | E69: 58305 | F69: =(E69-G69)/E69 -> 0.99938256 | G69: 36 | H69: 20830 | I69: =H69/E69 -> 0.35725924 | J69: 405 | K69: =J69/E69 -> 0.006946231 | L69: =J69/H69 -> 0.019443111 | M69: 23 | N69: =M69/E69 -> 0.00039447732 | O69: Scene+ Offer Only
A70: Scene Redemption Offer EN | B70: SCENE | C70: Theatrical | D70: 44945 | E70: 1048165 | F70: =(E70-G70)/E70 -> 0.99827985 | G70: 1803 | H70: 420124 | I70: =H70/E70 -> 0.40081857 | J70: 5939 | K70: =J70/E70 -> 0.0056660926 | L70: =J70/H70 -> 0.014136303 | M70: 513 | N70: =M70/E70 -> 0.00048942676 | O70: Scene+ Offer Only
A71: Friday What's On FR | B71: CONNECT | C71: Theatrical | D71: 44946 | E71: 198628 | F71: =(E71-G71)/E71 -> 0.99706486 | G71: 583 | H71: 68163 | I71: =H71/E71 -> 0.34316914 | J71: 2069 | K71: =J71/E71 -> 0.010416457 | L71: =J71/H71 -> 0.030353711 | M71: 989 | N71: =M71/E71 -> 0.004979157 | O71: Theatrical
A72: Friday What's On FR | B72: SCENE | C72: Theatrical | D72: 44946 | E72: 96804 | F72: =(E72-G72)/E72 -> 0.99904963 | G72: 92 | H72: 31041 | I72: =H72/E72 -> 0.32065824 | J72: 747 | K72: =J72/E72 -> 0.0077166233 | L72: =J72/H72 -> 0.024064946 | M72: 60 | N72: =M72/E72 -> 0.0006198091 | O72: Theatrical
A73: Friday What's On EN | B73: SCENE | C73: Theatrical | D73: 44946 | E73: 1657825 | F73: =(E73-G73)/E73 -> 0.99766501 | G73: 3871 | H73: 754373 | I73: =H73/E73 -> 0.45503778 | J73: 13840 | K73: =J73/E73 -> 0.0083482877 | L73: =J73/H73 -> 0.018346362 | M73: 2343 | N73: =M73/E73 -> 0.0014132975 | O73: Theatrical
A74: Friday What's On EN | B74: CONNECT | C74: Theatrical | D74: 44946 | E74: 2181188 | F74: =(E74-G74)/E74 -> 0.9952833 | G74: 10288 | H74: 789271 | I74: =H74/E74 -> 0.36185372 | J74: 15872 | K74: =J74/E74 -> 0.0072767684 | L74: =J74/H74 -> 0.020109696 | M74: 6565 | N74: =M74/E74 -> 0.0030098277 | O74: Theatrical
A75: Movie Guide EN 24MT | B75: CONNECT | C75: Store | D75: 44946 | E75: 251190 | F75: =(E75-G75)/E75 -> 0.99849914 | G75: 377 | H75: 116570 | I75: =H75/E75 -> 0.46407102 | J75: 2464 | K75: =J75/E75 -> 0.0098093077 | L75: =J75/H75 -> 0.021137514 | M75: 385 | N75: =M75/E75 -> 0.0015327043 | O75: Store
A76: Movie Guide EN | B76: CONNECT | C76: Store | D76: 44946 | E76: 334231 | F76: =(E76-G76)/E76 -> 0.9970679 | G76: 980 | H76: 127214 | I76: =H76/E76 -> 0.380617 | J76: 3076 | K76: =J76/E76 -> 0.0092032157 | L76: =J76/H76 -> 0.024179729 | M76: 473 | N76: =M76/E76 -> 0.0014151889 | O76: Store
A77: Movie Guide FR | B77: CONNECT | C77: Store | D77: 44947 | E77: 15444 | F77: =(E77-G77)/E77 -> 0.9990935 | G77: 14 | H77: 5022 | I77: =H77/E77 -> 0.32517483 | J77: 173 | K77: =J77/E77 -> 0.011201761 | L77: =J77/H77 -> 0.034448427 | M77: 17 | N77: =M77/E77 -> 0.0011007511 | O77: Store
A78: Family Newsletter FR | B78: SCENE | C78: Theatrical | D78: 44947 | E78: 28459 | F78: =(E78-G78)/E78 -> 0.99943779 | G78: 16 | H78: 8736 | I78: =H78/E78 -> 0.30696792 | J78: 256 | K78: =J78/E78 -> 0.0089953969 | L78: =J78/H78 -> 0.029304029 | M78: 13 | N78: =M78/E78 -> 0.0004567975 | O78: Theatrical
A79: Family Newsletter EN | B79: SCENE | C79: Theatrical | D79: 44947 | E79: 394270 | F79: =(E79-G79)/E79 -> 0.99824486 | G79: 692 | H79: 139694 | I79: =H79/E79 -> 0.3543105 | J79: 3402 | K79: =J79/E79 -> 0.0086286048 | L79: =J79/H79 -> 0.024353229 | M79: 293 | N79: =M79/E79 -> 0.00074314556 | O79: Theatrical
A80: Pathaan2 Email EN | B80: CONNECT | C80: Theatrical | D80: 44950 | E80: 35988 | F80: =(E80-G80)/E80 -> 0.99930532 | G80: 25 | H80: 29052 | I80: =H80/E80 -> 0.80726909 | J80: 625 | K80: =J80/E80 -> 0.0173669 | L80: =J80/H80 -> 0.021513149 | M80: 80 | N80: =M80/E80 -> 0.0022229632 | O80: Theatrical
... A87: Tuesday Deals EN | B87: CONNECT | C87: Theatrical | D87: 44950 | E87: 419454 | F87: =(E87-G87)/E87 -> 0.99802362 | G87: 829 | H87: 210787 | I87: =H87/E87 -> 0.50252709 | J87: 5194 | K87: =J87/E87 -> 0.012382764 | L87: =J87/H87 -> 0.024640988 | M87: 912 | N87: =M87/E87 -> 0.0021742551 | O87: Theatrical
A88: Junxion Launch | C88: BM&P | D88: 44950 | E88: 100 | F88: =(E88-G88)/E88 -> 0.95 | G88: 5 | H88: 29 | I88: =H88/E88 -> 0.29 | J88: 2 | K88: =J88/E88 -> 0.02 | L88: =J88/H88 -> 0.068965517 | M88: 0 | N88: =M88/E88 -> 0 | O88: BM&P
A89: The Wandering Earth II Challenger EN | B89: CONNECT | C89: Theatrical | D89: 44951 | E89: 22295 | F89: =(E89-G89)/E89 -> 0.99860955 | G89: 31 | H89: 12223 | I89: =H89/E89 -> 0.54823952 | J89: 232 | K89: =J89/E89 -> 0.010405921 | L89: =J89/H89 -> 0.01898061 | M89: 106 | N89: =M89/E89 -> 0.0047544292 | O89: Theatrical
A90: The Wandering Earth II Challenger EN | B90: SCENE | C90: Theatrical | D90: 44951 | E90: 44707 | F90: =(E90-G90)/E90 -> 0.99821057 | G90: 80 | H90: 22793 | I90: =H90/E90 -> 0.50983068 | J90: 285 | K90: =J90/E90 -> 0.0063748406 | L90: =J90/H90 -> 0.012503839 | M90: 69 | N90: =M90/E90 -> 0.0015433825 | O90: Theatrical
A91: The Wandering Earth II Primary EN | B91: CONNECT | C91: Theatrical | D91: 44951 | E91: 27803 | F91: =(E91-G91)/E91 -> 0.99838147 | G91: 45 | H91: 16120 | I91: =H91/E91 -> 0.57979355 | J91: 701 | K91: =J91/E91 -> 0.025213106 | L91: =J91/H91 -> 0.043486352 | M91: 86 | N91: =M91/E91 -> 0.0030931914 | O91: Theatrical
A92: The Wandering Earth II Primary EN | B92: SCENE | C92: Theatrical | D92: 44951 | E92: 17557 | F92: =(E92-G92)/E92 -> 0.99908868 | G92: 16 | H92: 8887 | I92: =H92/E92 -> 0.50617987 | J92: 312 | K92: =J92/E92 -> 0.01777069 | L92: =J92/H92 -> 0.03510746 | M92: 20 | N92: =M92/E92 -> 0.0011391468 | O92: Theatrical
A93: Plane FR | B93: CONNECT | C93: Theatrical | D93: 44951 | E93: 30260 | F93: =(E93-G93)/E93 -> 0.99881031 | G93: 36 | H93: 12987 | I93: =H93/E93 -> 0.42918044 | J93: 254 | K93: =J93/E93 -> 0.0083939194 | L93: =J93/H93 -> 0.01955802 | M93: 157 | N93: =M93/E93 -> 0.0051883675 | O93: Theatrical
A94: Plane FR | B94: SCENE | C94: Theatrical | D94: 44951 | E94: 39440 | F94: =(E94-G94)/E94 -> 0.99931542 | G94: 27 | H94: 14623 | I94: =H94/E94 -> 0.37076572 | J94: 190 | K94: =J94/E94 -> 0.0048174442 | L94: =J94/H94 -> 0.01299323 | M94: 22 | N94: =M94/E94 -> 0.00055780933 | O94: Theatrical
A95: Plane EN | B95: CONNECT | C95: Theatrical | D95: 44951 | E95: 363896 | F95: =(E95-G95)/E95 -> 0.99766692 | G95: 849 | H95: 168347 | I95: =H95/E95 -> 0.46262394 | J95: 2721 | K95: =J95/E95 -> 0.0074774111 | L95: =J95/H95 -> 0.016163044 | M95: 1513 | N95: =M95/E95 -> 0.0041577813 | O95: Theatrical
A96: Plane EN | B96: SCENE | C96: Theatrical | D96: 44951 | E96: 484846 | F96: =(E96-G96)/E96 -> 0.9984923 | G96: 731 | H96: 223677 | I96: =H96/E96 -> 0.46133618 | J96: 2356 | K96: =J96/E96 -> 0.0048592749 | L96: =J96/H96 -> 0.010533045 | M96: 438 | N96: =M96/E96 -> 0.00090337963 | O96: Theatrical
A97: D&T CineClub Acq #1 EN | B97: SCENE | C97: Theatrical | D97: 44952 | E97: 90560 | F97: =(E97-G97)/E97 -> 0.9983326 | G97: 151 | H97: 35653 | I97: =H97/E97 -> 0.39369479 | J97: 589 | K97: =J97/E97 -> 0.0065039753 | L97: =J97/H97 -> 0.016520349 | M97: 97 | N97: =M97/E97 -> 0.0010711131 | O97: Theatrical
A98: Employee Pincode | C98: Other | D98: 44952 | E98: 1672 | F98: =(E98-G98)/E98 -> 0.99880383 | G98: 2 | H98: 585 | I98: =H98/E98 -> 0.34988038 | J98: 20 | K98: =J98/E98 -> 0.011961722 | L98: =J98/H98 -> 0.034188034 | M98: 1 | N98: =M98/E98 -> 0.00059808612 | O98: Other
A99: XL Coca Cola Collectors EN | B99: CONNECT | C99: Theatrical | D99: 44952 | E99: 15373 | F99: =(E99-G99)/E99 -> 0.99746308 | G99: 39 | H99: 6352 | I99: =H99/E99 -> 0.41319196 | J99: 162 | K99: =J99/E99 -> 0.010537956 | L99: =J99/H99 -> 0.025503778 | M99: 14 | N99: =M99/E99 -> 0.00091068757 | O99: Theatrical
A100: XL Coca Cola Collectors EN | B100: SCENE | C100: Theatrical | D100: 44952 | E100: 57135 | F100: =(E100-G100)/E100 -> 0.99865231 | G100: 77 | H100: 21142 | I100: =H100/E100 -> 0.37003588 | J100: 427 | K100: =J100/E100 -> 0.0074735276 | L100: =J100/H100 -> 0.020196765 | M100: 27 | N100: =M100/E100 -> 0.00047256498 | O100: Theatrical
A101: XL Coca Cola Collectors FR | B101: CONNECT | C101: Theatrical | D101: 44952 | E101: 953 | F101: =(E101-G101)/E101 -> 0.99895068 | G101: 1 | H101: 389 | I101: =H101/E101 -> 0.40818468 | J101: 11 | K101: =J101/E101 -> 0.011542497 | L101: =J101/H101 -> 0.028277635 | M101: 1 | N101: =M101/E101 -> 0.0010493179 | O101: Theatrical
A102: XL Coca Cola Collectors FR | B102: SCENE | C102: Theatrical | D102: 44952 | E102: 3483 | F102: =(E102-G102)/E102 -> 0.99971289 | G102: 1 | H102: 1244 | I102: =H102/E102 -> 0.35716336 | J102: 51 | K102: =J102/E102 -> 0.01464255 | L102: =J102/H102 -> 0.040996785 | M102: 1 | N102: =M102/E102 -> 0.00028710881 | O102: Theatrical
A103: XL Coca Cola EN | B103: CONNECT | C103: Theatrical | D103: 44952 | E103: 2517285 | F103: =(E103-G103)/E103 -> 0.99691572 | G103: 7764 | H103: 965859 | I103: =H103/E103 -> 0.38369076 | J103: 17823 | K103: =J103/E103 -> 0.0070802472 | L103: =J103/H103 -> 0.018453004 | M103: 10534 | N103: =M103/E103 -> 0.0041846672 | O103: Theatrical
A104: XL Coca Cola EN | B104: SCENE | C104: Theatrical | D104: 44952 | E104: 2119055 | F104: =(E104-G104)/E104 -> 0.99764376 | G104: 4993 | H104: 828565 | I104: =H104/E104 -> 0.39100684 | J104: 13761 | K104: =J104/E104 -> 0.0064939324 | L104: =J104/H104 -> 0.016608232 | M104: 2467 | N104: =M104/E104 -> 0.0011641982 | O104: Theatrical
A105: XL Coca Cola FR | B105: CONNECT | C105: Theatrical | D105: 44952 | E105: 237916 | F105: =(E105-G105)/E105 -> 0.99833555 | G105: 396 | H105: 85937 | I105: =H105/E105 -> 0.36120732 | J105: 2037 | K105: =J105/E105 -> 0.0085618454 | L105: =J105/H105 -> 0.023703411 | M105: 1577 | N105: =M105/E105 -> 0.0066283899 | O105: Theatrical
A106: XL Coca Cola FR | B106: SCENE | C106: Theatrical | D106: 44952 | E106: 121175 | F106: =(E106-G106)/E106 -> 0.99914999 | G106: 103 | H106: 41912 | I106: =H106/E106 -> 0.34587993 | J106: 594 | K106: =J106/E106 -> 0.0049020012 | L106: =J106/H106 -> 0.014172552 | M106: 71 | N106: =M106/E106 -> 0.00058592944 | O106: Theatrical
A107: Superbowl Party | B107: SCENE | C107: LBE | D107: 44952 | E107: 242854 | F107: =(E107-G107)/E107 -> 0.99771468 | G107: 555 | H107: 91924 | I107: =H107/E107 -> 0.37851549 | J107: 0 | K107: =J107/E107 -> 0 | L107: =J107/H107 -> 0 | M107: 200 | N107: =M107/E107 -> 0.00082354007 | O107: LBE
A108: Friday What's On FR | B108: CONNECT | C108: Theatrical | D108: 44953 | E108: 198423 | F108: =(E108-G108)/E108 -> 0.9988963 | G108: 219 | H108: 67539 | I108: =H108/E108 -> 0.34037889 | J108: 2066 | K108: =J108/E108 -> 0.010412099 | L108: =J108/H108 -> 0.030589733 | M108: 1215 | N108: =M108/E108 -> 0.0061232821 | O108: Theatrical
A109: Friday What's On FR | B109: SCENE | C109: Theatrical | D109: 44953 | E109: 97005 | F109: =(E109-G109)/E109 -> 0.99915468 | G109: 82 | H109: 31269 | I109: =H109/E109 -> 0.32234421 | J109: 689 | K109: =J109/E109 -> 0.0071027267 | L109: =J109/H109 -> 0.022034603 | M109: 58 | N109: =M109/E109 -> 0.00059790732 | O109: Theatrical
A110: Friday What's On EN | B110: CONNECT | C110: Theatrical | D110: 44953 | E110: 2178172 | F110: =(E110-G110)/E110 -> 0.99804515 | G110: 4258 | H110: 782787 | I110: =H110/E110 -> 0.35937796 | J110: 15959 | K110: =J110/E110 -> 0.0073267859 | L110: =J110/H110 -> 0.020387411 | M110: 7995 | N110: =M110/E110 -> 0.003670509 | O110: Theatrical
... A127: 1M Points Contest EN | B127: CONNECT | C127: Scene+ Offer Only | D127: 44958 | E127: 2403003 | F127: =(E127-G127)/E127 -> 0.99798627 | G127: 4839 | H127: 889875 | I127: =H127/E127 -> 0.37031789 | J127: 21323 | K127: =J127/E127 -> 0.0088734804 | L127: =J127/H127 -> 0.023961792 | M127: 8219 | N127: =M127/E127 -> 0.0034203037 | O127: Scene+ Offer Only
A128: Cast Pass | C128: Other | D128: 44958 | E128: 314 | F128: =(E128-G128)/E128 -> 1 | G128: 0 | H128: 85 | I128: =H128/E128 -> 0.27070064 | J128: 7 | K128: =J128/E128 -> 0.022292994 | L128: =J128/H128 -> 0.082352941 | M128: 0 | N128: =M128/E128 -> 0 | O128: Other
A129: Film Anticipation FR | B129: SCENE | C129: TARA | D129: 44958 | E129: 9437 | F129: =(E129-G129)/E129 -> 0.9866483 | G129: 126 | H129: 2962 | I129: =H129/E129 -> 0.31387093 | J129: 321 | K129: =J129/E129 -> 0.034015047 | L129: =J129/H129 -> 0.10837272 | M129: 25 | N129: =M129/E129 -> 0.002649147 | O129: Survey
A130: Film Anticipation EN | B130: SCENE | C130: TARA | D130: 44958 | E130: 85387 | F130: =(E130-G130)/E130 -> 0.97784206 | G130: 1892 | H130: 32168 | I130: =H130/E130 -> 0.37673182 | J130: 3462 | K130: =J130/E130 -> 0.040544814 | L130: =J130/H130 -> 0.10762248 | M130: 337 | N130: =M130/E130 -> 0.0039467366 | O130: Survey
A131: Scene Acquisition Offer FR | B131: CONNECT | C131: Scene+ Offer Only | D131: 44959 | E131: 5558 | F131: =(E131-G131)/E131 -> 0.99928032 | G131: 4 | H131: 1870 | I131: =H131/E131 -> 0.33645196 | J131: 48 | K131: =J131/E131 -> 0.0086362001 | L131: =J131/H131 -> 0.025668449 | M131: 47 | N131: =M131/E131 -> 0.0084562792 | O131: Scene+ Offer Only
A132: Scene Acquisition Offer EN | B132: CONNECT | C132: Scene+ Offer Only | D132: 44959 | E132: 49754 | F132: =(E132-G132)/E132 -> 0.99784942 | G132: 107 | H132: 17854 | I132: =H132/E132 -> 0.35884552 | J132: 414 | K132: =J132/E132 -> 0.008320939 | L132: =J132/H132 -> 0.023188081 | M132: 258 | N132: =M132/E132 -> 0.0051855127 | O132: Scene+ Offer Only
A133: Scene Acquisition No Offer FR | B133: CONNECT | C133: Scene+ Offer Only | D133: 44959 | E133: 5547 | F133: =(E133-G133)/E133 -> 0.99801695 | G133: 11 | H133: 1904 | I133: =H133/E133 -> 0.3432486 | J133: 45 | K133: =J133/E133 -> 0.0081124932 | L133: =J133/H133 -> 0.023634454 | M133: 43 | N133: =M133/E133 -> 0.007751938 | O133: Scene+ Offer Only
A134: Scene Acquisition No Offer EN | B134: CONNECT | C134: Scene+ Offer Only | D134: 44959 | E134: 49774 | F134: =(E134-G134)/E134 -> 0.99762928 | G134: 118 | H134: 17936 | I134: =H134/E134 -> 0.36034878 | J134: 350 | K134: =J134/E134 -> 0.0070317837 | L134: =J134/H134 -> 0.019513827 | M134: 261 | N134: =M134/E134 -> 0.0052437015 | O134: Scene+ Offer Only
A135: D&T CineClub Acq #2 EN | B135: SCENE | C135: Theatrical | D135: 44959 | E135: 81038 | F135: =(E135-G135)/E135 -> 0.99835879 | G135: 133 | H135: 32466 | I135: =H135/E135 -> 0.40062687 | J135: 479 | K135: =J135/E135 -> 0.0059108073 | L135: =J135/H135 -> 0.014753896 | M135: 82 | N135: =M135/E135 -> 0.001011871 | O135: Theatrical
A136: Employee Pincode | C136: Other | D136: 44959 | E136: 1670 | F136: =(E136-G136)/E136 -> 0.9994012 | G136: 1 | H136: 584 | I136: =H136/E136 -> 0.3497006 | J136: 18 | K136: =J136/E136 -> 0.010778443 | L136: =J136/H136 -> 0.030821918 | M136: 0 | N136: =M136/E136 -> 0 | O136: Other
A137: Babylon FR | B137: SCENE | C137: Store | D137: 44959 | E137: 7688 | F137: =(E137-G137)/E137 -> 0.99947971 | G137: 4 | H137: 2600 | I137: =H137/E137 -> 0.33818939 | J137: 36 | K137: =J137/E137 -> 0.0046826223 | L137: =J137/H137 -> 0.013846154 | M137: 8 | N137: =M137/E137 -> 0.0010405827 | O137: Store
A138: Babylon FR | B138: CONNECT | C138: Store | D138: 44959 | E138: 10194 | F138: =(E138-G138)/E138 -> 0.99950952 | G138: 5 | H138: 3402 | I138: =H138/E138 -> 0.33372572 | J138: 54 | K138: =J138/E138 -> 0.0052972337 | L138: =J138/H138 -> 0.015873016 | M138: 24 | N138: =M138/E138 -> 0.0023543261 | O138: Store
A139: Babylon EN | B139: SCENE | C139: Store | D139: 44959 | E139: 156474 | F139: =(E139-G139)/E139 -> 0.99884326 | G139: 181 | H139: 66727 | I139: =H139/E139 -> 0.42644145 | J139: 687 | K139: =J139/E139 -> 0.0043905058 | L139: =J139/H139 -> 0.010295682 | M139: 117 | N139: =M139/E139 -> 0.00074772806 | O139: Store
A140: Babylon EN | B140: CONNECT | C140: Store | D140: 44959 | E140: 170431 | F140: =(E140-G140)/E140 -> 0.99862701 | G140: 234 | H140: 80800 | I140: =H140/E140 -> 0.47409215 | J140: 1027 | K140: =J140/E140 -> 0.006025899 | L140: =J140/H140 -> 0.012710396 | M140: 332 | N140: =M140/E140 -> 0.0019480024 | O140: Store
A141: Friday What's On FR | B141: SCENE | C141: Theatrical | D141: 44960 | E141: 97142 | F141: =(E141-G141)/E141 -> 0.99924852 | G141: 73 | H141: 31023 | I141: =H141/E141 -> 0.31935723 | J141: 648 | K141: =J141/E141 -> 0.0066706471 | L141: =J141/H141 -> 0.020887728 | M141: 54 | N141: =M141/E141 -> 0.00055588726 | O141: Theatrical
A142: Friday What's On FR | B142: CONNECT | C142: Theatrical | D142: 44960 | E142: 196771 | F142: =(E142-G142)/E142 -> 0.99887178 | G142: 222 | H142: 66486 | I142: =H142/E142 -> 0.33788516 | J142: 1573 | K142: =J142/E142 -> 0.0079940642 | L142: =J142/H142 -> 0.023659116 | M142: 793 | N142: =M142/E142 -> 0.0040300654 | O142: Theatrical
A143: Friday What's On EN | B143: SCENE | C143: Theatrical | D143: 44960 | E143: 1689355 | F143: =(E143-G143)/E143 -> 0.99800279 | G143: 3374 | H143: 600658 | I143: =H143/E143 -> 0.35555463 | J143: 8152 | K143: =J143/E143 -> 0.0048255103 | L143: =J143/H143 -> 0.013571783 | M143: 1766 | N143: =M143/E143 -> 0.0010453694 | O143: Theatrical
...

Sheet Consolidated View
A1: Email Name | B1: Business Unit | C1: Send Date | D1: Sends | E1: Delivery Rate | F1: Overall Bounces | G1: Unique Opens | H1: Open Rate | I1: Unique Clicks | J1: CTR | K1: CTO | L1: Unsubscribes | M1: Unsubscribe Rate | N1: Reporting
A2: PDM Promo Gaming Offer Dartmouth | B2: LBE | C2: 44928 | D2: 13198 | E2: =(D2-F2)/D2 -> 0.99712078 | F2: 38 | G2: 5485 | H2: =G2/D2 -> 0.41559327 | I2: 299 | J2: =I2/D2 -> 0.022654948 | K2: =I2/G2 -> 0.054512306 | L2: 90 | M2: =L2/D2 -> 0.006819215 | N2: LBE
A3: PDM Promo Gaming Offer Brampton | B3: LBE | C3: 44928 | D3: 12645 | E3: =(D3-F3)/D3 -> 0.99596679 | F3: 51 | G3: 5245 | H3: =G3/D3 -> 0.41478845 | I3: 196 | J3: =I3/D3 -> 0.015500198 | K3: =I3/G3 -> 0.037368923 | L3: 64 | M3: =L3/D3 -> 0.005061289 | N3: LBE
A4: PDM Promo Gaming Offer Whitby | B4: LBE | C4: 44928 | D4: 11705 | E4: =(D4-F4)/D4 -> 0.99589919 | F4: 48 | G4: 4726 | H4: =G4/D4 -> 0.40375908 | I4: 265 | J4: =I4/D4 -> 0.022639897 | K4: =I4/G4 -> 0.056072789 | L4: 81 | M4: =L4/D4 -> 0.0069201196 | N4: LBE
A5: Tuesday Deals EN | B5: Theatrical | C5: 44929 | D5: 549585 | E5: =(D5-F5)/D5 -> 0.99829872 | F5: 935 | G5: 211629 | H5: =G5/D5 -> 0.38507055 | I5: 3917 | J5: =I5/D5 -> 0.007127196 | K5: =I5/G5 -> 0.018508806 | L5: 763 | M5: =L5/D5 -> 0.0013883203 | N5: Theatrical
A6: Tuesday Deals FR | B6: Theatrical | C6: 44929 | D6: 40131 | E6: =(D6-F6)/D6 -> 0.99897835 | F6: 41 | G6: 14743 | H6: =G6/D6 -> 0.36737186 | I6: 602 | J6: =I6/D6 -> 0.015000872 | K6: =I6/G6 -> 0.040832938 | L6: 57 | M6: =L6/D6 -> 0.0014203484 | N6: Theatrical
A7: Cast Pass | B7: Other | C7: 44930 | D7: 321 | E7: =(D7-F7)/D7 -> 1 | F7: 0 | G7: 108 | H7: =G7/D7 -> 0.3364486 | I7: 4 | J7: =I7/D7 -> 0.012461059 | K7: =I7/G7 -> 0.037037037 | L7: 0 | M7: =L7/D7 -> 0 | N7: Other
A8: Employee Pincode | B8: Other | C8: 44931 | D8: 1678 | E8: =(D8-F8)/D8 -> 0.9988081 | F8: 2 | G8: 591 | H8: =G8/D8 -> 0.35220501 | I8: 23 | J8: =I8/D8 -> 0.013706794 | K8: =I8/G8 -> 0.03891709 | L8: 0 | M8: =L8/D8 -> 0 | N8: Other
A9: Film Anticipation EN | B9: TARA | C9: 44931 | D9: 85400 | E9: =(D9-F9)/D9 -> 0.97702576 | F9: 1962 | G9: 30869 | H9: =G9/D9 -> 0.3614637 | I9: 3607 | J9: =I9/D9 -> 0.042236534 | K9: =I9/G9 -> 0.11684862 | L9: 336 | M9: =L9/D9 -> 0.0039344262 | N9: Survey
A10: Film Anticipation FR | B10: TARA | C10: 44931 | D10: 9491 | E10: =(D10-F10)/D10 -> 0.98672427 | F10: 126 | G10: 2942 | H10: =G10/D10 -> 0.30997787 | I10: 391 | J10: =I10/D10 -> 0.041196923 | K10: =I10/G10 -> 0.13290279 | L10: 17 | M10: =L10/D10 -> 0.0017911706 | N10: Survey
A11: Edmonton Closure EN | B11: Theatrical | C11: 44932 | D11: 6368 | E11: =(D11-F11)/D11 -> 0.99874372 | F11: 8 | G11: 2479 | H11: =G11/D11 -> 0.3892902 | I11: 39 | J11: =I11/D11 -> 0.0061243719 | K11: =I11/G11 -> 0.01573215 | L11: 8 | M11: =L11/D11 -> 0.0012562814 | N11: Theatrical
A12: Friday What's On EN | B12: Theatrical | C12: 44932 | D12: 4261604 | E12: =(D12-F12)/D12 -> 0.9958518 | F12: 17678 | G12: 1548958 | H12: =G12/D12 -> 0.36346831 | I12: 36774 | J12: =I12/D12 -> 0.0086291453 | K12: =I12/G12 -> 0.023741121 | L12: 14481 | M12: =L12/D12 -> 0.0033980163 | N12: Theatrical
A13: Friday What's On FR | B13: Theatrical | C13: 44932 | D13: 319646 | E13: =(D13-F13)/D13 -> 0.99764114 | F13: 754 | G13: 108910 | H13: =G13/D13 -> 0.34072067 | I13: 4376 | J13: =I13/D13 -> 0.013690145 | K13: =I13/G13 -> 0.040179965 | L13: 1982 | M13: =L13/D13 -> 0.0062006094 | N13: Theatrical
... A15: Movie Guide EN 24MT | B15: Store | C15: 44932 | D15: 229503 | E15: =(D15-F15)/D15 -> 0.99866233 | F15: 307 | G15: 105460 | H15: =G15/D15 -> 0.45951469 | I15: 2616 | J15: =I15/D15 -> 0.011398544 | K15: =I15/G15 -> 0.024805614 | L15: 317 | M15: =L15/D15 -> 0.0013812456 | N15: Store
A16: Movie Guide FR | C16: 44933 | D16: ='All Email Performance'!E21 -> 13458 | E16: =(D16-F16)/D16 -> 0.99903403 | F16: ='All Email Performance'!G21 -> 13 | G16: ='All Email Performance'!H21 -> 4436 | H16: =G16/D16 -> 0.32961807 | I16: ='All Email Performance'!J21 -> 200 | J16: =I16/D16 -> 0.014861049 | K16: =I16/G16 -> 0.045085663 | L16: ='All Email Performance'!M21 -> 42 | M16: =L16/D16 -> 0.0031208203 | N16: Store
A17: Arts & Culture Newsletter EN | B17: Theatrical | C17: 44933 | D17: 17329 | E17: =(D17-F17)/D17 -> 0.99878816 | F17: 21 | G17: 8094 | H17: =G17/D17 -> 0.46707831 | I17: 858 | J17: =I17/D17 -> 0.049512378 | K17: =I17/G17 -> 0.10600445 | L17: 28 | M17: =L17/D17 -> 0.0016157886 | N17: Theatrical
A18: Arts & Culture Newsletter FR | B18: Theatrical | C18: 44933 | D18: 1891 | E18: =(D18-F18)/D18 -> 0.99788472 | F18: 4 | G18: 923 | H18: =G18/D18 -> 0.48810153 | I18: 118 | J18: =I18/D18 -> 0.062400846 | K18: =I18/G18 -> 0.12784399 | L18: 8 | M18: =L18/D18 -> 0.0042305658 | N18: Theatrical
A19: Adv Tickets Plane FR | B19: Theatrical | C19: 44935 | D19: =SUM('All Email Performance'!E26:E27) -> 186248 | E19: =(D19-F19)/D19 -> 0.99895301 | F19: =SUM('All Email Performance'!G26:G27) -> 195 | G19: =SUM('All Email Performance'!H26:H27) -> 67718 | H19: =G19/D19 -> 0.36359048 | I19: =SUM('All Email Performance'!J26:J27) -> 1416 | J19: =I19/D19 -> 0.0076027662 | K19: =I19/G19 -> 0.020910245 | L19: =SUM('All Email Performance'!M26:M27) -> 811 | M19: =L19/D19 -> 0.0043544092 | N19: Theatrical
A20: Adv Tickets Plane EN | B20: Theatrical | C20: 44935 | D20: =SUM('All Email Performance'!E28:E29) -> 2643844 | E20: =(D20-F20)/D20 -> 0.99806683 | F20: =SUM('All Email Performance'!G28:G29) -> 5111 | G20: =SUM('All Email Performance'!H28:H29) -> 1028904 | H20: =G20/D20 -> 0.38916971 | I20: =SUM('All Email Performance'!J28:J29) -> 14390 | J20: =I20/D20 -> 0.0054428325 | K20: =I20/G20 -> 0.013985756 | L20: =SUM('All Email Performance'!M28:M29) -> 6305 | M20: =L20/D20 -> 0.0023847852 | N20: Theatrical
A21: Tuesday Deals FR | B21: Theatrical | C21: 44936 | D21: =SUM('All Email Performance'!E30:E31) -> 40844 | E21: =(D21-F21)/D21 -> 0.99933895 | F21: =SUM('All Email Performance'!G30:G31) -> 27 | G21: =SUM('All Email Performance'!H30:H31) -> 15322 | H21: =G21/D21 -> 0.37513466 | I21: =SUM('All Email Performance'!J30:J31) -> 580 | J21: =I21/D21 -> 0.014200372 | K21: =I21/G21 -> 0.037854066 | L21: =SUM('All Email Performance'!M30:M31) -> 47 | M21: =L21/D21 -> 0.0011507198 | N21: Theatrical
A22: Tuesday Deals EN | B22: Theatrical | C22: 44936 | D22: =SUM('All Email Performance'!E32:E33) -> 554909 | E22: =(D22-F22)/D22 -> 0.99850606 | F22: =SUM('All Email Performance'!G32:G33) -> 829 | G22: =SUM('All Email Performance'!H32:H33) -> 213766 | H22: =G22/D22 -> 0.38522713 | I22: =SUM('All Email Performance'!J32:J33) -> 4220 | J22: =I22/D22 -> 0.0076048505 | K22: =I22/G22 -> 0.019741212 | L22: =SUM('All Email Performance'!M32:M33) -> 679 | M22: =L22/D22 -> 0.0012236241 | N22: Theatrical
A23: Puss In Boots FR | B23: Store | C23: 44936 | D23: =SUM('All Email Performance'!E34:E35) -> 17075 | E23: =(D23-F23)/D23 -> 0.99918009 | F23: =SUM('All Email Performance'!G34:G35) -> 14 | G23: =SUM('All Email Performance'!H34:H35) -> 6036 | H23: =G23/D23 -> 0.35349927 | I23: =SUM('All Email Performance'!J34:J35) -> 145 | J23: =I23/D23 -> 0.0084919473 | K23: =I23/G23 -> 0.024022531 | L23: =SUM('All Email Performance'!M34:M35) -> 38 | M23: =L23/D23 -> 0.0022254758 | N23: Store
A24: Puss In Boots EN | B24: Store | C24: 44936 | D24: =SUM('All Email Performance'!E36:E37) -> 322579 | E24: =(D24-F24)/D24 -> 0.99871969 | F24: =SUM('All Email Performance'!G36:G37) -> 413 | G24: =SUM('All Email Performance'!H36:H37) -> 148850 | H24: =G24/D24 -> 0.46143735 | I24: =SUM('All Email Performance'!J36:J37) -> 2098 | J24: =I24/D24 -> 0.0065038332 | K24: =I24/G24 -> 0.014094726 | L24: =SUM('All Email Performance'!M36:M37) -> 543 | M24: =L24/D24 -> 0.0016833086 | N24: Store
A25: Employee Pincode | B25: Other | C25: 44938 | D25: ='All Email Performance'!E38 -> 1672 | E25: =(D25-F25)/D25 -> 1 | F25: ='All Email Performance'!G38 -> 0 | G25: ='All Email Performance'!H38 -> 601 | H25: =G25/D25 -> 0.35944976 | I25: ='All Email Performance'!J38 -> 18 | J25: =I25/D25 -> 0.01076555 | K25: =I25/G25 -> 0.029950083 | L25: ='All Email Performance'!M38 -> 0 | M25: =L25/D25 -> 0 | N25: Other
A26: BTS Yet To Come FR | B26: Theatrical | C26: 44938 | D26: =SUM('All Email Performance'!E39:E40) -> 91091 | E26: =(D26-F26)/D26 -> 0.99880339 | F26: =SUM('All Email Performance'!G39:G40) -> 109 | G26: =SUM('All Email Performance'!H39:H40) -> 25335 | H26: =G26/D26 -> 0.27812846 | I26: =SUM('All Email Performance'!J39:J40) -> 334 | J26: =I26/D26 -> 0.003666663 | K26: =I26/G26 -> 0.013183343 | L26: =SUM('All Email Performance'!M39:M40) -> 192 | M26: =L26/D26 -> 0.0021077823 | N26: Theatrical
A27: BTS Yet To Come EN | B27: Theatrical | C27: 44938 | D27: =SUM('All Email Performance'!E41:E42) -> 1437667 | E27: =(D27-F27)/D27 -> 0.99757246 | F27: =SUM('All Email Performance'!G41:G42) -> 3490 | G27: =SUM('All Email Performance'!H41:H42) -> 513567 | H27: =G27/D27 -> 0.3572225 | I27: =SUM('All Email Performance'!J41:J42) -> 5806 | J27: =I27/D27 -> 0.0040384874 | K27: =I27/G27 -> 0.011305244 | L27: =SUM('All Email Performance'!M41:M42) -> 2879 | M27: =L27/D27 -> 0.00200255 | N27: Theatrical
A28: Friday What's On FR | B28: Theatrical | C28: 44939 | D28: =SUM('All Email Performance'!E43:E44) -> 322909 | E28: =(D28-F28)/D28 -> 0.99769595 | F28: =SUM('All Email Performance'!G43:G44) -> 744 | G28: =SUM('All Email Performance'!H43:H44) -> 112948 | H28: =G28/D28 -> 0.34978276 | I28: =SUM('All Email Performance'!J43:J44) -> 3685 | J28: =I28/D28 -> 0.011411884 | K28: =I28/G28 -> 0.032625633 | L28: =SUM('All Email Performance'!M43:M44) -> 1417 | M28: =L28/D28 -> 0.0043882332 | N28: Theatrical
A29: Friday What's On EN | B29: Theatrical | C29: 44939 | D29: =SUM('All Email Performance'!E45:E46) -> 4292344 | E29: =(D29-F29)/D29 -> 0.9959288 | F29: =SUM('All Email Performance'!G45:G46) -> 17475 | G29: =SUM('All Email Performance'!H45:H46) -> 1562080 | H29: =G29/D29 -> 0.36392237 | I29: =SUM('All Email Performance'!J45:J46) -> 31910 | J29: =I29/D29 -> 0.0074341665 | K29: =I29/G29 -> 0.020427891 | L29: =SUM('All Email Performance'!M45:M46) -> 12369 | M29: =L29/D29 -> 0.0028816423 | N29: Theatrical
A30: Movie Guide EN 24MT | B30: Store | C30: 44939 | D30: ='All Email Performance'!E47 -> 252620 | E30: =(D30-F30)/D30 -> 0.99887974 | F30: ='All Email Performance'!G47 -> 283 | G30: ='All Email Performance'!H47 -> 95330 | H30: =G30/D30 -> 0.37736521 | I30: ='All Email Performance'!J47 -> 2226 | J30: =I30/D30 -> 0.0088116539 | K30: =I30/G30 -> 0.023350467 | L30: ='All Email Performance'!M47 -> 330 | M30: =L30/D30 -> 0.0013063099 | N30: Store
A31: Movie Guide EN | B31: Store | C31: 44939 | D31: ='All Email Performance'!E48 -> 334315 | E31: =(D31-F31)/D31 -> 0.99789121 | F31: ='All Email Performance'!G48 -> 705 | G31: ='All Email Performance'!H48 -> 101194 | H31: =G31/D31 -> 0.30269058 | I31: ='All Email Performance'!J48 -> 2570 | J31: =I31/D31 -> 0.0076873607 | K31: =I31/G31 -> 0.025396763 | L31: ='All Email Performance'!M48 -> 321 | M31: =L31/D31 -> 0.00096017229 | N31: Store
A32: Adv Tickets Ant Man Quantumania FR | B32: Theatrical | C32: 44942 | D32: =SUM('All Email Performance'!E49:E50) -> 345663 | E32: =(D32-F32)/D32 -> 0.99765378 | F32: =SUM('All Email Performance'!G49:G50) -> 811 | G32: =SUM('All Email Performance'!H49:H50) -> 128665 | H32: =G32/D32 -> 0.37222671 | I32: =SUM('All Email Performance'!J49:J50) -> 3462 | J32: =I32/D32 -> 0.010015535 | K32: =I32/G32 -> 0.026907084 | L32: =SUM('All Email Performance'!M49:M50) -> 2181 | M32: =L32/D32 -> 0.0063096137 | N32: Theatrical
A33: Adv Tickets Ant Man Quantumania EN | B33: Theatrical | C33: 44942 | D33: =SUM('All Email Performance'!E51:E52) -> 4461073 | E33: =(D33-F33)/D33 -> 0.9960635 | F33: =SUM('All Email Performance'!G51:G52) -> 17561 | G33: =SUM('All Email Performance'!H51:H52) -> 2115387 | H33: =G33/D33 -> 0.47418794 | I33: =SUM('All Email Performance'!J51:J52) -> 52085 | J33: =I33/D33 -> 0.011675442 | K33: =I33/G33 -> 0.024621972 | L33: =SUM('All Email Performance'!M51:M52) -> 22135 | M33: =L33/D33 -> 0.0049618108 | N33: Theatrical
A34: Tuesday Deals FR | B34: Theatrical | C34: 44943 | D34: =SUM('All Email Performance'!E53:E54) -> 47864 | E34: =(D34-F34)/D34 -> 0.9988718 | F34: =SUM('All Email Performance'!G53:G54) -> 54 | G34: =SUM('All Email Performance'!H53:H54) -> 17790 | H34: =G34/D34 -> 0.37167809 | I34: =SUM('All Email Performance'!J53:J54) -> 554 | J34: =I34/D34 -> 0.011574461 | K34: =I34/G34 -> 0.031141091 | L34: =SUM('All Email Performance'!M53:M54) -> 133 | M34: =L34/D34 -> 0.0027787063 | N34: Theatrical
A35: Tuesday Deals EN | B35: Theatrical | C35: 44943 | D35: =SUM('All Email Performance'!E55:E56) -> 626657 | E35: =(D35-F35)/D35 -> 0.99802125 | F35: =SUM('All Email Performance'!G55:G56) -> 1240 | G35: =SUM('All Email Performance'!H55:H56) -> 245646 | H35: =G35/D35 -> 0.39199434 | I35: =SUM('All Email Performance'!J55:J56) -> 5174 | J35: =I35/D35 -> 0.0082565103 | K35: =I35/G35 -> 0.02106283 | L35: =SUM('All Email Performance'!M55:M56) -> 1280 | M35: =L35/D35 -> 0.0020425847 | N35: Theatrical
A36: Pathaan Challenger EN | B36: Theatrical | C36: 44944 | D36: =SUM('All Email Performance'!E57:E58) -> 12610 | E36: =(D36-F36)/D36 -> 0.99706582 | F36: =SUM('All Email Performance'!G57:G58) -> 37 | G36: =SUM('All Email Performance'!H57:H58) -> 5690 | H36: =G36/D36 -> 0.45122918 | I36: =SUM('All Email Performance'!J57:J58) -> 87 | J36: =I36/D36 -> 0.0068992863 | K36: =I36/G36 -> 0.015289982 | L36: =SUM('All Email Performance'!M57:M58) -> 31 | M36: =L36/D36 -> 0.0024583664 | N36: Theatrical
A37: Pathaan Primary Audience EN | B37: Theatrical | C37: 44944 | D37: =SUM('All Email Performance'!E59:E60) -> 471641 | E37: =(D37-F37)/D37 -> 0.99774829 | F37: =SUM('All Email Performance'!G59:G60) -> 1062 | G37: =SUM('All Email Performance'!H59:H60) -> 252112 | H37: =G37/D37 -> 0.53454216 | I37: =SUM('All Email Performance'!J59:J60) -> 7258 | J37: =I37/D37 -> 0.015388823 | K37: =I37/G37 -> 0.028788792 | L37: =SUM('All Email Performance'!M59:M60) -> 742 | M37: =L37/D37 -> 0.0015732305 | N37: Theatrical
A38: Cast Pass | B38: Other | C38: 44944 | D38: ='All Email Performance'!E61 -> 315 | E38: =(D38-F38)/D38 -> 1 | F38: ='All Email Performance'!G61 -> 0 | G38: ='All Email Performance'!H61 -> 82 | H38: =G38/D38 -> 0.26031746 | I38: ='All Email Performance'!J61 -> 7 | J38: =I38/D38 -> 0.022222222 | K38: =I38/G38 -> 0.085365854 | L38: ='All Email Performance'!M61 -> 0 | M38: =L38/D38 -> 0 | N38: Other
A39: National Popcorn Day FR | B39: Theatrical | C39: 44944 | D39: ='All Email Performance'!E62 -> 111097 | E39: =(D39-F39)/D39 -> 0.99912689 | F39: ='All Email Performance'!G62 -> 97 | G39: ='All Email Performance'!H62 -> 39756 | H39: =G39/D39 -> 0.35784945 | I39: ='All Email Performance'!J62 -> 1074 | J39: =I39/D39 -> 0.0096672277 | K39: =I39/G39 -> 0.02701479 | L39: ='All Email Performance'!M62 -> 54 | M39: =L39/D39 -> 0.00048606173 | N39: Theatrical
A40: National Popcorn Day EN | B40: Theatrical | C40: 44944 | D40: ='All Email Performance'!E63 -> 1896017 | E40: =(D40-F40)/D40 -> 0.997115 | F40: ='All Email Performance'!G63 -> 5470 | G40: ='All Email Performance'!H63 -> 860136 | H40: =G40/D40 -> 0.45365416 | I40: ='All Email Performance'!J63 -> 19533 | J40: =I40/D40 -> 0.010302123 | K40: =I40/G40 -> 0.022709199 | L40: ='All Email Performance'!M63 -> 2275 | M40: =L40/D40 -> 0.0011998838 | N40: Theatrical
A41: National Popcorn Day FR | B41: Store | C41: 44944 | D41: =SUM('All Email Performance'!E64:E65) -> 25874 | E41: =(D41-F41)/D41 -> 0.99907243 | F41: =SUM('All Email Performance'!G64:G65) -> 24 | G41: =SUM('All Email Performance'!H64:H65) -> 9264 | H41: =G41/D41 -> 0.35804282 | I41: =SUM('All Email Performance'!J64:J65) -> 224 | J41: =I41/D41 -> 0.0086573394 | K41: =I41/G41 -> 0.02417962 | L41: =SUM('All Email Performance'!M64:M65) -> 63 | M41: =L41/D41 -> 0.0024348767 | N41: Store
A42: National Popcorn Day EN | B42: Store | C42: 44944 | D42: =SUM('All Email Performance'!E66:E67) -> 484696 | E42: =(D42-F42)/D42 -> 0.99845883 | F42: =SUM('All Email Performance'!G66:G67) -> 747 | G42: =SUM('All Email Performance'!H66:H67) -> 237572 | H42: =G42/D42 -> 0.4901464 | I42: =SUM('All Email Performance'!J66:J67) -> 5090 | J42: =I42/D42 -> 0.010501428 | K42: =I42/G42 -> 0.021425084 | L42: =SUM('All Email Performance'!M66:M67) -> 686 | M42: =L42/D42 -> 0.0014153201 | N42: Store
A43: Employee Pincode | B43: Other | C43: 44945 | D43: ='All Email Performance'!E68 -> 1675 | E43: =(D43-F43)/D43 -> 0.99880597 | F43: ='All Email Performance'!G68 -> 2 | G43: ='All Email Performance'!H68 -> 575 | H43: =G43/D43 -> 0.34328358 | I43: ='All Email Performance'!J68 -> 20 | J43: =I43/D43 -> 0.011940299 | K43: =I43/G43 -> 0.034782609 | L43: ='All Email Performance'!M68 -> 0 | M43: =L43/D43 -> 0 | N43: Other
A44: Scene Redemption Offer FR | B44: Theatrical | C44: 44945 | D44: ='All Email Performance'!E69 -> 58305 | E44: =(D44-F44)/D44 -> 0.99938256 | F44: ='All Email Performance'!G69 -> 36 | G44: ='All Email Performance'!H69 -> 20830 | H44: =G44/D44 -> 0.35725924 | I44: ='All Email Performance'!J69 -> 405 | J44: =I44/D44 -> 0.006946231 | K44: =I44/G44 -> 0.019443111 | L44: ='All Email Performance'!M69 -> 23 | M44: =L44/D44 -> 0.00039447732 | N44: Scene+ Offer Only
A45: Scene Redemption Offer EN | B45: Theatrical | C45: 44945 | D45: ='All Email Performance'!E70 -> 1048165 | E45: =(D45-F45)/D45 -> 0.99827985 | F45: ='All Email Performance'!G70 -> 1803 | G45: ='All Email Performance'!H70 -> 420124 | H45: =G45/D45 -> 0.40081857 | I45: ='All Email Performance'!J70 -> 5939 | J45: =I45/D45 -> 0.0056660926 | K45: =I45/G45 -> 0.014136303 | L45: ='All Email Performance'!M70 -> 513 | M45: =L45/D45 -> 0.00048942676 | N45: Scene+ Offer Only
A46: Friday What's On FR | B46: Theatrical | C46: 44946 | D46: =SUM('All Email Performance'!E71:E72) -> 295432 | E46: =(D46-F46)/D46 -> 0.99771521 | F46: =SUM('All Email Performance'!G71:G72) -> 675 | G46: =SUM('All Email Performance'!H71:H72) -> 99204 | H46: =G46/D46 -> 0.33579301 | I46: =SUM('All Email Performance'!J71:J72) -> 2816 | J46: =I46/D46 -> 0.0095318043 | K46: =I46/G46 -> 0.028385952 | L46: =SUM('All Email Performance'!M71:M72) -> 1049 | M46: =L46/D46 -> 0.0035507325 | N46: Theatrical
A47: Friday What's On EN | B47: Theatrical | C47: 44946 | D47: =SUM('All Email Performance'!E73:E74) -> 3839013 | E47: =(D47-F47)/D47 -> 0.99631181 | F47: =SUM('All Email Performance'!G73:G74) -> 14159 | G47: =SUM('All Email Performance'!H73:H74) -> 1543644 | H47: =G47/D47 -> 0.40209398 | I47: =SUM('All Email Performance'!J73:J74) -> 29712 | J47: =I47/D47 -> 0.0077394893 | K47: =I47/G47 -> 0.019247961 | L47: =SUM('All Email Performance'!M73:M74) -> 8908 | M47: =L47/D47 -> 0.0023203881 | N47: Theatrical
A48: Movie Guide EN 24MT | B48: Store | C48: 44946 | D48: ='All Email Performance'!E75 -> 251190 | E48: =(D48-F48)/D48 -> 0.99849914 | F48: ='All Email Performance'!G75 -> 377 | G48: ='All Email Performance'!H75 -> 116570 | H48: =G48/D48 -> 0.46407102 | I48: ='All Email Performance'!J75 -> 2464 | J48: =I48/D48 -> 0.0098093077 | K48: =I48/G48 -> 0.021137514 | L48: ='All Email Performance'!M75 -> 385 | M48: =L48/D48 -> 0.0015327043 | N48: Store
A49: Movie Guide EN | B49: Store | C49: 44946 | D49: ='All Email Performance'!E76 -> 334231 | E49: =(D49-F49)/D49 -> 0.9970679 | F49: ='All Email Performance'!G76 -> 980 | G49: ='All Email Performance'!H76 -> 127214 | H49: =G49/D49 -> 0.380617 | I49: ='All Email Performance'!J76 -> 3076 | J49: =I49/D49 -> 0.0092032157 | K49: =I49/G49 -> 0.024179729 | L49: ='All Email Performance'!M76 -> 473 | M49: =L49/D49 -> 0.0014151889 | N49: Store
A50: Movie Guide FR | B50: Store | C50: 44947 | D50: ='All Email Performance'!E77 -> 15444 | E50: =(D50-F50)/D50 -> 0.9990935 | F50: ='All Email Performance'!G77 -> 14 | G50: ='All Email Performance'!H77 -> 5022 | H50: =G50/D50 -> 0.32517483 | I50: ='All Email Performance'!J77 -> 173 | J50: =I50/D50 -> 0.011201761 | K50: =I50/G50 -> 0.034448427 | L50: ='All Email Performance'!M77 -> 17 | M50: =L50/D50 -> 0.0011007511 | N50: Store
A51: Family Newsletter FR | B51: Theatrical | C51: 44947 | D51: ='All Email Performance'!E78 -> 28459 | E51: =(D51-F51)/D51 -> 0.99943779 | F51: ='All Email Performance'!G78 -> 16 | G51: ='All Email Performance'!H78 -> 8736 | H51: =G51/D51 -> 0.30696792 | I51: ='All Email Performance'!J78 -> 256 | J51: =I51/D51 -> 0.0089953969 | K51: =I51/G51 -> 0.029304029 | L51: ='All Email Performance'!M78 -> 13 | M51: =L51/D51 -> 0.0004567975 | N51: Theatrical
A52: Family Newsletter EN | B52: Theatrical | C52: 44947 | D52: ='All Email Performance'!E79 -> 394270 | E52: =(D52-F52)/D52 -> 0.99824486 | F52: ='All Email Performance'!G79 -> 692 | G52: ='All Email Performance'!H79 -> 139694 | H52: =G52/D52 -> 0.3543105 | I52: ='All Email Performance'!J79 -> 3402 | J52: =I52/D52 -> 0.0086286048 | K52: =I52/G52 -> 0.024353229 | L52: ='All Email Performance'!M79 -> 293 | M52: =L52/D52 -> 0.00074314556 | N52: Theatrical
A53: Pathaan2 Email EN | B53: Theatrical | C53: 44950 | D53: =SUM('All Email Performance'!E80:E81) -> 112725 | E53: =(D53-F53)/D53 -> 0.99944999 | F53: =SUM('All Email Performance'!G80:G81) -> 62 | G53: =SUM('All Email Performance'!H80:H81) -> 90250 | H53: =G53/D53 -> 0.80062098 | I53: =SUM('All Email Performance'!J80:J81) -> 1943 | J53: =I53/D53 -> 0.017236638 | K53: =I53/G53 -> 0.021529086 | L53: =SUM('All Email Performance'!M80:M81) -> 189 | M53: =L53/D53 -> 0.0016766467 | N53: Theatrical
A54: Pathaan2 Web EN | B54: Theatrical | C54: 44950 | D54: =SUM('All Email Performance'!E82:E83) -> 3724 | E54: =(D54-F54)/D54 -> 0.99865736 | F54: =SUM('All Email Performance'!G82:G83) -> 5 | G54: =SUM('All Email Performance'!H82:H83) -> 2131 | H54: =G54/D54 -> 0.57223416 | I54: =SUM('All Email Performance'!J82:J83) -> 321 | J54: =I54/D54 -> 0.086197637 | K54: =I54/G54 -> 0.15063351 | L54: =SUM('All Email Performance'!M82:M83) -> 4 | M54: =L54/D54 -> 0.0010741139 | N54: Theatrical
A55: Tuesday Deals FR | B55: Theatrical | C55: 44950 | D55: =SUM('All Email Performance'!E84:E85) -> 47874 | E55: =(D55-F55)/D55 -> 0.9991227 | F55: =SUM('All Email Performance'!G84:G85) -> 42 | G55: =SUM('All Email Performance'!H84:H85) -> 17854 | H55: =G55/D55 -> 0.37293729 | I55: =SUM('All Email Performance'!J84:J85) -> 683 | J55: =I55/D55 -> 0.014266617 | K55: =I55/G55 -> 0.038254733 | L55: =SUM('All Email Performance'!M84:M85) -> 74 | M55: =L55/D55 -> 0.0015457242 | N55: Theatrical
A56: Tuesday Deals EN | B56: Theatrical | C56: 44950 | D56: =SUM('All Email Performance'!E86:E87) -> 628800 | E56: =(D56-F56)/D56 -> 0.99799777 | F56: =SUM('All Email Performance'!G86:G87) -> 1259 | G56: =SUM('All Email Performance'!H86:H87) -> 307563 | H56: =G56/D56 -> 0.48912691 | I56: =SUM('All Email Performance'!J86:J87) -> 8319 | J56: =I56/D56 -> 0.013229962 | K56: =I56/G56 -> 0.027048117 | L56: =SUM('All Email Performance'!M86:M87) -> 1063 | M56: =L56/D56 -> 0.0016905216 | N56: Theatrical
A57: Junxion Launch | B57: BMP | C57: 44950 | D57: ='All Email Performance'!E88 -> 100 | E57: =(D57-F57)/D57 -> 0.95 | F57: ='All Email Performance'!G88 -> 5 | G57: ='All Email Performance'!H88 -> 29 | H57: =G57/D57 -> 0.29 | I57: ='All Email Performance'!J88 -> 2 | J57: =I57/D57 -> 0.02 | K57: =I57/G57 -> 0.068965517 | L57: ='All Email Performance'!M88 -> 0 | M57: =L57/D57 -> 0 | N57: BM&P
A58: The Wandering Earth II Challenger EN | B58: Theatrical | C58: 44951 | D58: =SUM('All Email Performance'!E89:E90) -> 67002 | E58: =(D58-F58)/D58 -> 0.99834333 | F58: =SUM('All Email Performance'!G89:G90) -> 111 | G58: =SUM('All Email Performance'!H89:H90) -> 35016 | H58: =G58/D58 -> 0.52261127 | I58: =SUM('All Email Performance'!J89:J90) -> 517 | J58: =I58/D58 -> 0.0077161876 | K58: =I58/G58 -> 0.014764679 | L58: =SUM('All Email Performance'!M89:M90) -> 175 | M58: =L58/D58 -> 0.0026118623 | N58: Theatrical
A59: The Wandering Earth II Primary EN | B59: Theatrical | C59: 44951 | D59: =SUM('All Email Performance'!E91:E92) -> 45360 | E59: =(D59-F59)/D59 -> 0.9986552 | F59: =SUM('All Email Performance'!G91:G92) -> 61 | G59: =SUM('All Email Performance'!H91:H92) -> 25007 | H59: =G59/D59 -> 0.55130071 | I59: =SUM('All Email Performance'!J91:J92) -> 1013 | J59: =I59/D59 -> 0.022332451 | K59: =I59/G59 -> 0.040508658 | L59: =SUM('All Email Performance'!M91:M92) -> 106 | M59: =L59/D59 -> 0.0023368607 | N59: Theatrical
A60: Plane FR | B60: Theatrical | C60: 44951 | D60: =SUM('All Email Performance'!E93:E94) -> 69700 | E60: =(D60-F60)/D60 -> 0.99909613 | F60: =SUM('All Email Performance'!G93:G94) -> 63 | G60: =SUM('All Email Performance'!H93:H94) -> 27610 | H60: =G60/D60 -> 0.39612626 | I60: =SUM('All Email Performance'!J93:J94) -> 444 | J60: =I60/D60 -> 0.0063701578 | K60: =I60/G60 -> 0.01608113 | L60: =SUM('All Email Performance'!M93:M94) -> 179 | M60: =L60/D60 -> 0.0025681492 | N60: Theatrical
A61: Plane EN | B61: Theatrical | C61: 44951 | D61: =SUM('All Email Performance'!E95:E96) -> 848742 | E61: =(D61-F61)/D61 -> 0.99813842 | F61: =SUM('All Email Performance'!G95:G96) -> 1580 | G61: =SUM('All Email Performance'!H95:H96) -> 392024 | H61: =G61/D61 -> 0.4618883 | I61: =SUM('All Email Performance'!J95:J96) -> 5077 | J61: =I61/D61 -> 0.0059817942 | K61: =I61/G61 -> 0.012950738 | L61: =SUM('All Email Performance'!M95:M96) -> 1951 | M61: =L61/D61 -> 0.0022986962 | N61: Theatrical
A62: D&T CineClub Acq #1 EN | B62: Theatrical | C62: 44952 | D62: ='All Email Performance'!E97 -> 90560 | E62: =(D62-F62)/D62 -> 0.9983326 | F62: ='All Email Performance'!G97 -> 151 | G62: ='All Email Performance'!H97 -> 35653 | H62: =G62/D62 -> 0.39369479 | I62: ='All Email Performance'!J97 -> 589 | J62: =I62/D62 -> 0.0065039753 | K62: =I62/G62 -> 0.016520349 | L62: ='All Email Performance'!M97 -> 97 | M62: =L62/D62 -> 0.0010711131 | N62: Theatrical
A63: Employee Pincode | B63: Other | C63: 44952 | D63: ='All Email Performance'!E98 -> 1672 | E63: =(D63-F63)/D63 -> 0.99880383 | F63: ='All Email Performance'!G98 -> 2 | G63: ='All Email Performance'!H98 -> 585 | H63: =G63/D63 -> 0.34988038 | I63: ='All Email Performance'!J98 -> 20 | J63: =I63/D63 -> 0.011961722 | K63: =I63/G63 -> 0.034188034 | L63: ='All Email Performance'!M98 -> 1 | M63: =L63/D63 -> 0.00059808612 | N63: Other
A64: XL Coca Cola Collectors EN | B64: Theatrical | C64: 44952 | D64: =SUM('All Email Performance'!E99:E100) -> 72508 | E64: =(D64-F64)/D64 -> 0.99840018 | F64: =SUM('All Email Performance'!G99:G100) -> 116 | G64: =SUM('All Email Performance'!H99:H100) -> 27494 | H64: =G64/D64 -> 0.37918575 | I64: =SUM('All Email Performance'!J99:J100) -> 589 | J64: =I64/D64 -> 0.0081232416 | K64: =I64/G64 -> 0.021422856 | L64: =SUM('All Email Performance'!M99:M100) -> 41 | M64: =L64/D64 -> 0.00056545485 | N64: Theatrical
A65: XL Coca Cola Collectors FR | B65: Theatrical | C65: 44952 | D65: =SUM('All Email Performance'!E101:E102) -> 4436 | E65: =(D65-F65)/D65 -> 0.99954914 | F65: =SUM('All Email Performance'!G101:G102) -> 2 | G65: =SUM('All Email Performance'!H101:H102) -> 1633 | H65: =G65/D65 -> 0.36812444 | I65: =SUM('All Email Performance'!J101:J102) -> 62 | J65: =I65/D65 -> 0.013976555 | K65: =I65/G65 -> 0.037966932 | L65: =SUM('All Email Performance'!M101:M102) -> 2 | M65: =L65/D65 -> 0.00045085663 | N65: Theatrical
A66: XL Coca Cola EN | B66: Theatrical | C66: 44952 | D66: =SUM('All Email Performance'!E103:E104) -> 4636340 | E66: =(D66-F66)/D66 -> 0.99724848 | F66: =SUM('All Email Performance'!G103:G104) -> 12757 | G66: =SUM('All Email Performance'!H103:H104) -> 1794424 | H66: =G66/D66 -> 0.3870346 | I66: =SUM('All Email Performance'!J103:J104) -> 31584 | J66: =I66/D66 -> 0.00681227 | K66: =I66/G66 -> 0.017601191 | L66: =SUM('All Email Performance'!M103:M104) -> 13001 | M66: =L66/D66 -> 0.0028041516 | N66: Theatrical
A67: XL Coca Cola FR | B67: Theatrical | C67: 44952 | D67: =SUM('All Email Performance'!E105:E106) -> 359091 | E67: =(D67-F67)/D67 -> 0.99861038 | F67: =SUM('All Email Performance'!G105:G106) -> 499 | G67: =SUM('All Email Performance'!H105:H106) -> 127849 | H67: =G67/D67 -> 0.3560351 | I67: =SUM('All Email Performance'!J105:J106) -> 2631 | J67: =I67/D67 -> 0.0073268336 | K67: =I67/G67 -> 0.020578964 | L67: =SUM('All Email Performance'!M105:M106) -> 1648 | M67: =L67/D67 -> 0.0045893659 | N67: Theatrical
A68: Superbowl Party | B68: LBE | C68: 44952 | D68: ='All Email Performance'!E107 -> 242854 | E68: =(D68-F68)/D68 -> 0.99771468 | F68: ='All Email Performance'!G107 -> 555 | G68: ='All Email Performance'!H107 -> 91924 | H68: =G68/D68 -> 0.37851549 | I68: ='All Email Performance'!J107 -> 0 | J68: =I68/D68 -> 0 | K68: =I68/G68 -> 0 | L68: ='All Email Performance'!M107 -> 200 | M68: =L68/D68 -> 0.00082354007 | N68: LBE
A69: Friday What's On FR | B69: Theatrical | C69: 44953 | D69: =SUM('All Email Performance'!E108:E109) -> 295428 | E69: =(D69-F69)/D69 -> 0.99898114 | F69: =SUM('All Email Performance'!G108:G109) -> 301 | G69: =SUM('All Email Performance'!H108:H109) -> 98808 | H69: =G69/D69 -> 0.33445713 | I69: =SUM('All Email Performance'!J108:J109) -> 2755 | J69: =I69/D69 -> 0.0093254532 | K69: =I69/G69 -> 0.027882358 | L69: =SUM('All Email Performance'!M108:M109) -> 1273 | M69: =L69/D69 -> 0.0043090025 | N69: Theatrical
A70: Friday What's On EN | B70: Theatrical | C70: 44953 | D70: =SUM('All Email Performance'!E110:E111) -> 3849260 | E70: =(D70-F70)/D70 -> 0.99797234 | F70: =SUM('All Email Performance'!G110:G111) -> 7805 | G70: =SUM('All Email Performance'!H110:H111) -> 1378549 | H70: =G70/D70 -> 0.35813351 | I70: =SUM('All Email Performance'!J110:J111) -> 24293 | J70: =I70/D70 -> 0.0063110832 | K70: =I70/G70 -> 0.017622152 | L70: =SUM('All Email Performance'!M110:M111) -> 10426 | M70: =L70/D70 -> 0.0027085726 | N70: Theatrical
A71: Movie Guide EN | B71: Store | C71: 44953 | D71: ='All Email Performance'!E112 -> 334048 | E71: =(D71-F71)/D71 -> 0.99770093 | F71: ='All Email Performance'!G112 -> 768 | G71: ='All Email Performance'!H112 -> 122888 | H71: =G71/D71 -> 0.36787528 | I71: ='All Email Performance'!J112 -> 3571 | J71: =I71/D71 -> 0.01069008 | K71: =I71/G71 -> 0.029058981 | L71: ='All Email Performance'!M112 -> 581 | M71: =L71/D71 -> 0.001739271 | N71: Store
A72: Movie Guide EN 24MT | B72: Store | C72: 44953 | D72: ='All Email Performance'!E113 -> 250619 | E72: =(D72-F72)/D72 -> 0.99901444 | F72: ='All Email Performance'!G113 -> 247 | G72: ='All Email Performance'!H113 -> 114442 | H72: =G72/D72 -> 0.45663737 | I72: ='All Email Performance'!J113 -> 3246 | J72: =I72/D72 -> 0.012951931 | K72: =I72/G72 -> 0.028363713 | L72: ='All Email Performance'!M113 -> 438 | M72: =L72/D72 -> 0.0017476728 | N72: Store
A73: Tuesday Deals FR | B73: Theatrical | C73: 44957 | D73: =SUM('All Email Performance'!E114:E115) -> 47979 | E73: =(D73-F73)/D73 -> 0.99922883 | F73: =SUM('All Email Performance'!G114:G115) -> 37 | G73: =SUM('All Email Performance'!H114:H115) -> 17410 | H73: =G73/D73 -> 0.36286709 | I73: =SUM('All Email Performance'!J114:J115) -> 469 | J73: =I73/D73 -> 0.0097751099 | K73: =I73/G73 -> 0.026938541 | L73: =SUM('All Email Performance'!M114:M115) -> 65 | M73: =L73/D73 -> 0.0013547594 | N73: Theatrical
A74: Tuesday Deals EN | B74: Theatrical | C74: 44957 | D74: =SUM('All Email Performance'!E116:E117) -> 632096 | E74: =(D74-F74)/D74 -> 0.99820439 | F74: =SUM('All Email Performance'!G116:G117) -> 1135 | G74: =SUM('All Email Performance'!H116:H117) -> 243792 | H74: =G74/D74 -> 0.38568825 | I74: =SUM('All Email Performance'!J116:J117) -> 4150 | J74: =I74/D74 -> 0.0065654584 | K74: =I74/G74 -> 0.017022708 | L74: =SUM('All Email Performance'!M116:M117) -> 743 | M74: =L74/D74 -> 0.0011754544 | N74: Theatrical
A75: 80 For Brady Contest EN | B75: Theatrical | C75: 44957 | D75: =SUM('All Email Performance'!E118:E119) -> 439659 | E75: =(D75-F75)/D75 -> 0.99841468 | F75: =SUM('All Email Performance'!G118:G119) -> 697 | G75: =SUM('All Email Performance'!H118:H119) -> 206450 | H75: =G75/D75 -> 0.46956846 | I75: =SUM('All Email Performance'!J118:J119) -> 3057 | J75: =I75/D75 -> 0.0069531159 | K75: =I75/G75 -> 0.014807459 | L75: =SUM('All Email Performance'!M118:M119) -> 440 | M75: =L75/D75 -> 0.0010007756 | N75: Theatrical
A76: Half Off Gameplay Dartmouth | B76: LBE | C76: 44958 | D76: ='All Email Performance'!E120 -> 12388 | E76: =(D76-F76)/D76 -> 0.99846626 | F76: ='All Email Performance'!G120 -> 19 | G76: ='All Email Performance'!H120 -> 5083 | H76: =G76/D76 -> 0.41031644 | I76: ='All Email Performance'!J120 -> 242 | J76: =I76/D76 -> 0.019535034 | K76: =I76/G76 -> 0.047609679 | L76: ='All Email Performance'!M120 -> 40 | M76: =L76/D76 -> 0.0032289312 | N76: ='All Email Performance'!O120 -> LBE
A77: Half Off Gameplay Brampton EN | B77: LBE | C77: 44958 | D77: ='All Email Performance'!E121 -> 11340 | E77: =(D77-F77)/D77 -> 0.99664903 | F77: ='All Email Performance'!G121 -> 38 | G77: ='All Email Performance'!H121 -> 4543 | H77: =G77/D77 -> 0.40061728 | I77: ='All Email Performance'!J121 -> 127 | J77: =I77/D77 -> 0.011199295 | K77: =I77/G77 -> 0.027955096 | L77: ='All Email Performance'!M121 -> 34 | M77: =L77/D77 -> 0.0029982363 | N77: ='All Email Performance'!O121 -> LBE
A78: Half Off Gameplay Whitby EN | B78: LBE | C78: 44958 | D78: ='All Email Performance'!E122 -> 10568 | E78: =(D78-F78)/D78 -> 0.99678274 | F78: ='All Email Performance'!G122 -> 34 | G78: ='All Email Performance'!H122 -> 4086 | H78: =G78/D78 -> 0.38663891 | I78: ='All Email Performance'!J122 -> 217 | J78: =I78/D78 -> 0.020533687 | K78: =I78/G78 -> 0.053108174 | L78: ='All Email Performance'!M122 -> 59 | M78: =L78/D78 -> 0.0055828917 | N78: ='All Email Performance'!O122 -> LBE
A79: Half Off Gameplay TRR | B79: LBE | C79: 44958 | D79: ='All Email Performance'!E123 -> 270045 | E79: =(D79-F79)/D79 -> 0.99742265 | F79: ='All Email Performance'!G123 -> 696 | G79: ='All Email Performance'!H123 -> 89399 | H79: =G79/D79 -> 0.33105223 | I79: ='All Email Performance'!J123 -> 2571 | J79: =I79/D79 -> 0.0095206354 | K79: =I79/G79 -> 0.028758711 | L79: ='All Email Performance'!M123 -> 1879 | M79: =L79/D79 -> 0.0069580996 | N79: ='All Email Performance'!O123 -> LBE
A80: 1M Points Contest FR | B80: Scene+ Offer Only | C80: 44958 | D80: =SUM('All Email Performance'!E124:E125) -> 343982 | E80: =(D80-F80)/D80 -> 0.99885168 | F80: =SUM('All Email Performance'!G124:G125) -> 395 | G80: =SUM('All Email Performance'!H124:H125) -> 120284 | H80: =G80/D80 -> 0.34968109 | I80: =SUM('All Email Performance'!J124:J125) -> 6029 | J80: =I80/D80 -> 0.01752708 | K80: =I80/G80 -> 0.050123042 | L80: =SUM('All Email Performance'!M124:M125) -> 1186 | M80: =L80/D80 -> 0.0034478548 | N80: Scene+ Offer Only
A81: 1M Points Contest EN | B81: Scene+ Offer Only | C81: 44958 | D81: =SUM('All Email Performance'!E126:E127) -> 4487290 | E81: =(D81-F81)/D81 -> 0.99786642 | F81: =SUM('All Email Performance'!G126:G127) -> 9574 | G81: =SUM('All Email Performance'!H126:H127) -> 1691511 | H81: =G81/D81 -> 0.37695602 | I81: =SUM('All Email Performance'!J126:J127) -> 69001 | J81: =I81/D81 -> 0.015376987 | K81: =I81/G81 -> 0.040792522 | L81: =SUM('All Email Performance'!M126:M127) -> 10024 | M81: =L81/D81 -> 0.002233865 | N81: Scene+ Offer Only
A82: Cast Pass | B82: Other | C82: 44958 | D82: ='All Email Performance'!E128 -> 314 | E82: =(D82-F82)/D82 -> 1 | F82: ='All Email Performance'!G128 -> 0 | G82: ='All Email Performance'!H128 -> 85 | H82: =G82/D82 -> 0.27070064 | I82: ='All Email Performance'!J128 -> 7 | J82: =I82/D82 -> 0.022292994 | K82: =I82/G82 -> 0.082352941 | L82: ='All Email Performance'!M128 -> 0 | M82: =L82/D82 -> 0 | N82: ='All Email Performance'!O128 -> Other
A83: Film Anticipation FR | B83: TARA | C83: 44958 | D83: ='All Email Performance'!E129 -> 9437 | E83: =(D83-F83)/D83 -> 0.9866483 | F83: ='All Email Performance'!G129 -> 126 | G83: ='All Email Performance'!H129 -> 2962 | H83: =G83/D83 -> 0.31387093 | I83: ='All Email Performance'!J129 -> 321 | J83: =I83/D83 -> 0.034015047 | K83: =I83/G83 -> 0.10837272 | L83: ='All Email Performance'!M129 -> 25 | M83: =L83/D83 -> 0.002649147 | N83: ='All Email Performance'!O129 -> Survey
A84: Film Anticipation EN | B84: TARA | C84: 44958 | D84: ='All Email Performance'!E130 -> 85387 | E84: =(D84-F84)/D84 -> 0.97784206 | F84: ='All Email Performance'!G130 -> 1892 | G84: ='All Email Performance'!H130 -> 32168 | H84: =G84/D84 -> 0.37673182 | I84: ='All Email Performance'!J130 -> 3462 | J84: =I84/D84 -> 0.040544814 | K84: =I84/G84 -> 0.10762248 | L84: ='All Email Performance'!M130 -> 337 | M84: =L84/D84 -> 0.0039467366 | N84: ='All Email Performance'!O130 -> Survey
A85: Scene Acquisition Offer FR | B85: Scene+ Offer Only | C85: 44959 | D85: ='All Email Performance'!E131 -> 5558 | E85: =(D85-F85)/D85 -> 0.99928032 | F85: ='All Email Performance'!G131 -> 4 | G85: ='All Email Performance'!H131 -> 1870 | H85: =G85/D85 -> 0.33645196 | I85: ='All Email Performance'!J131 -> 48 | J85: =I85/D85 -> 0.0086362001 | K85: =I85/G85 -> 0.025668449 | L85: ='All Email Performance'!M131 -> 47 | M85: =L85/D85 -> 0.0084562792 | N85: ='All Email Performance'!O131 -> Scene+ Offer Only
A86: Scene Acquisition Offer EN | B86: Scene+ Offer Only | C86: 44959 | D86: ='All Email Performance'!E132 -> 49754 | E86: =(D86-F86)/D86 -> 0.99784942 | F86: ='All Email Performance'!G132 -> 107 | G86: ='All Email Performance'!H132 -> 17854 | H86: =G86/D86 -> 0.35884552 | I86: ='All Email Performance'!J132 -> 414 | J86: =I86/D86 -> 0.008320939 | K86: =I86/G86 -> 0.023188081 | L86: ='All Email Performance'!M132 -> 258 | M86: =L86/D86 -> 0.0051855127 | N86: ='All Email Performance'!O132 -> Scene+ Offer Only
A87: Scene Acquisition No Offer FR | B87: Scene+ Offer Only | C87: 44959 | D87: ='All Email Performance'!E133 -> 5547 | E87: =(D87-F87)/D87 -> 0.99801695 | F87: ='All Email Performance'!G133 -> 11 | G87: ='All Email Performance'!H133 -> 1904 | H87: =G87/D87 -> 0.3432486 | I87: ='All Email Performance'!J133 -> 45 | J87: =I87/D87 -> 0.0081124932 | K87: =I87/G87 -> 0.023634454 | L87: ='All Email Performance'!M133 -> 43 | M87: =L87/D87 -> 0.007751938 | N87: ='All Email Performance'!O133 -> Scene+ Offer Only
A88: Scene Acquisition No Offer EN | B88: Scene+ Offer Only | C88: 44959 | D88: ='All Email Performance'!E134 -> 49774 | E88: =(D88-F88)/D88 -> 0.99762928 | F88: ='All Email Performance'!G134 -> 118 | G88: ='All Email Performance'!H134 -> 17936 | H88: =G88/D88 -> 0.36034878 | I88: ='All Email Performance'!J134 -> 350 | J88: =I88/D88 -> 0.0070317837 | K88: =I88/G88 -> 0.019513827 | L88: ='All Email Performance'!M134 -> 261 | M88: =L88/D88 -> 0.0052437015 | N88: ='All Email Performance'!O134 -> Scene+ Offer Only
A89: D&T CineClub Acq #2 EN | B89: Theatrical | C89: 44959 | D89: ='All Email Performance'!E135 -> 81038 | E89: =(D89-F89)/D89 -> 0.99835879 | F89: ='All Email Performance'!G135 -> 133 | G89: ='All Email Performance'!H135 -> 32466 | H89: =G89/D89 -> 0.40062687 | I89: ='All Email Performance'!J135 -> 479 | J89: =I89/D89 -> 0.0059108073 | K89: =I89/G89 -> 0.014753896 | L89: ='All Email Performance'!M135 -> 82 | M89: =L89/D89 -> 0.001011871 | N89: ='All Email Performance'!O135 -> Theatrical
A90: Employee Pincode | B90: Other | C90: 44959 | D90: ='All Email Performance'!E136 -> 1670 | E90: =(D90-F90)/D90 -> 0.9994012 | F90: ='All Email Performance'!G136 -> 1 | G90: ='All Email Performance'!H136 -> 584 | H90: =G90/D90 -> 0.3497006 | I90: ='All Email Performance'!J136 -> 18 | J90: =I90/D90 -> 0.010778443 | K90: =I90/G90 -> 0.030821918 | L90: ='All Email Performance'!M136 -> 0 | M90: =L90/D90 -> 0 | N90: ='All Email Performance'!O136 -> Other
A91: Babylon FR | B91: Store | C91: 44959 | D91: =SUM('All Email Performance'!E137:E138) -> 17882 | E91: =(D91-F91)/D91 -> 0.9994967 | F91: =SUM('All Email Performance'!G137:G138) -> 9 | G91: =SUM('All Email Performance'!H137:H138) -> 6002 | H91: =G91/D91 -> 0.33564478 | I91: =SUM('All Email Performance'!J137:J138) -> 90 | J91: =I91/D91 -> 0.0050329941 | K91: =I91/G91 -> 0.014995002 | L91: =SUM('All Email Performance'!M137:M138) -> 32 | M91: =L91/D91 -> 0.001789509 | N91: Store
A92: Babylon EN | B92: Store | C92: 44959 | D92: =SUM('All Email Performance'!E139:E140) -> 326905 | E92: =(D92-F92)/D92 -> 0.99873052 | F92: =SUM('All Email Performance'!G139:G140) -> 415 | G92: =SUM('All Email Performance'!H139:H140) -> 147527 | H92: =G92/D92 -> 0.45128401 | I92: =SUM('All Email Performance'!J139:J140) -> 1714 | J92: =I92/D92 -> 0.0052431134 | K92: =I92/G92 -> 0.011618212 | L92: =SUM('All Email Performance'!M139:M140) -> 449 | M92: =L92/D92 -> 0.0013734877 | N92: Store
A93: Friday What's On FR | B93: Theatrical | C93: 44960 | D93: =SUM('All Email Performance'!E141:E142) -> 293913 | E93: =(D93-F93)/D93 -> 0.9989963 | F93: =SUM('All Email Performance'!G141:G142) -> 295 | G93: =SUM('All Email Performance'!H141:H142) -> 97509 | H93: =G93/D93 -> 0.33176144 | I93: =SUM('All Email Performance'!J141:J142) -> 2221 | J93: =I93/D93 -> 0.0075566579 | K93: =I93/G93 -> 0.022777385 | L93: =SUM('All Email Performance'!M141:M142) -> 847 | M93: =L93/D93 -> 0.0028818052 | N93: Theatrical
A94: Friday What's On EN | B94: Theatrical | C94: 44960 | D94: =SUM('All Email Performance'!E143:E144) -> 3868055 | E94: =(D94-F94)/D94 -> 0.99811275 | F94: =SUM('All Email Performance'!G143:G144) -> 7300 | G94: =SUM('All Email Performance'!H143:H144) -> 1362824 | H94: =G94/D94 -> 0.35232798 | I94: =SUM('All Email Performance'!J143:J144) -> 20120 | J94: =I94/D94 -> 0.0052015806 | K94: =I94/G94 -> 0.014763462 | L94: =SUM('All Email Performance'!M143:M144) -> 8275 | M94: =L94/D94 -> 0.0021393181 | N94: Theatrical
A95: Movie Guide EN 24MT | B95: Store | C95: 44960 | D95: ='All Email Performance'!E145 -> 249719 | E95: =(D95-F95)/D95 -> 0.99873458 | F95: ='All Email Performance'!G145 -> 316 | G95: ='All Email Performance'!H145 -> 113555 | H95: =G95/D95 -> 0.45473112 | I95: ='All Email Performance'!J145 -> 1651 | J95: =I95/D95 -> 0.0066114312 | K95: =I95/G95 -> 0.01453921 | L95: ='All Email Performance'!M145 -> 348 | M95: =L95/D95 -> 0.0013935664 | N95: ='All Email Performance'!O145 -> Store
A96: Movie Guide EN | B96: Store | C96: 44960 | D96: ='All Email Performance'!E146 -> 333398 | E96: =(D96-F96)/D96 -> 0.99789141 | F96: ='All Email Performance'!G146 -> 703 | G96: ='All Email Performance'!H146 -> 124313 | H96: =G96/D96 -> 0.37286666 | I96: ='All Email Performance'!J146 -> 2170 | J96: =I96/D96 -> 0.0065087373 | K96: =I96/G96 -> 0.017455938 | L96: ='All Email Performance'!M146 -> 394 | M96: =L96/D96 -> 0.0011817707 | N96: ='All Email Performance'!O146 -> Store
A97: Movie Guide FR | B97: Store | C97: 44961 | D97: ='All Email Performance'!E147 -> 15415 | E97: =(D97-F97)/D97 -> 0.99948102 | F97: ='All Email Performance'!G147 -> 8 | G97: ='All Email Performance'!H147 -> 5477 | H97: =G97/D97 -> 0.35530328 | I97: ='All Email Performance'!J147 -> 195 | J97: =I97/D97 -> 0.012650016 | K97: =I97/G97 -> 0.035603433 | L97: ='All Email Performance'!M147 -> 31 | M97: =L97/D97 -> 0.0020110282 | N97: ='All Email Performance'!O147 -> Store
A98: Arts & Culture Newsletter FR | B98: Theatrical | C98: 44961 | D98: =SUM('All Email Performance'!E148:E149) -> 2864 | E98: =(D98-F98)/D98 -> 0.99895251 | F98: =SUM('All Email Performance'!G148:G149) -> 3 | G98: =SUM('All Email Performance'!H148:H149) -> 1376 | H98: =G98/D98 -> 0.48044693 | I98: =SUM('All Email Performance'!J148:J149) -> 116 | J98: =I98/D98 -> 0.040502793 | K98: =I98/G98 -> 0.084302326 | L98: =SUM('All Email Performance'!M148:M149) -> 14 | M98: =L98/D98 -> 0.0048882682 | N98: Theatrical
A99: Arts & Culture Newsletter EN | B99: Theatrical | C99: 44961 | D99: =SUM('All Email Performance'!E150:E151) -> 28756 | E99: =(D99-F99)/D99 -> 0.99763528 | F99: =SUM('All Email Performance'!G150:G151) -> 68 | G99: =SUM('All Email Performance'!H150:H151) -> 12739 | H99: =G99/D99 -> 0.4430032 | I99: =SUM('All Email Performance'!J150:J151) -> 920 | J99: =I99/D99 -> 0.031993323 | K99: =I99/G99 -> 0.072219169 | L99: =SUM('All Email Performance'!M150:M151) -> 116 | M99: =L99/D99 -> 0.0040339407 | N99: Theatrical
A100: Anticipated Behaviour FR | B100: TARA | C100: 44961 | D100: ='All Email Performance'!E152 -> 15076 | E100: =(D100-F100)/D100 -> 0.99920403 | F100: ='All Email Performance'!G152 -> 12 | G100: ='All Email Performance'!H152 -> 5056 | H100: =G100/D100 -> 0.33536747 | I100: ='All Email Performance'!J152 -> 763 | J100: =I100/D100 -> 0.050610241 | K100: =I100/G100 -> 0.15090981 | L100: ='All Email Performance'!M152 -> 4 | M100: =L100/D100 -> 0.00026532237 | N100: ='All Email Performance'!O152 -> Survey
A101: Anticipated Behaviour EN | B101: TARA | C101: 44961 | D101: ='All Email Performance'!E153 -> 45726 | E101: =(D101-F101)/D101 -> 0.99849101 | F101: ='All Email Performance'!G153 -> 69 | G101: ='All Email Performance'!H153 -> 17175 | H101: =G101/D101 -> 0.37560688 | I101: ='All Email Performance'!J153 -> 2116 | J101: =I101/D101 -> 0.046275642 | K101: =I101/G101 -> 0.12320233 | L101: ='All Email Performance'!M153 -> 19 | M101: =L101/D101 -> 0.00041551852 | N101: ='All Email Performance'!O153 -> Survey
...

Sheet Weekly View
A1: Week | C1: Sends | D1: Unique Opens | E1: Open Rate | F1: Clicks | G1: CTR | H1: CTOR | I1: Unsubscribes | J1: % of Clicks that are Unsubscribes | K1: Unsubscribe Rate
A2: Week 1 | B2: January 2 - January 8, 2023 | C2: 5901273 | D2: 2179320 | E2: =D2/C2 -> 0.36929659 | F2: 57769 | G2: =F2/C2 -> 0.0097892438 | H2: =F2/D2 -> 0.02650781 | I2: 18747 | J2: =I2/F2 -> 0.32451661 | K2: =I2/C2 -> 0.0031767722
A3: Week 2 | B3: January 9 - January 15, 2023 | C3: 10498117 | D3: 3891651 | E3: =D3/C3 -> 0.37069991 | F3: 69398 | G3: =F3/C3 -> 0.0066105188 | H3: =F3/D3 -> 0.017832534 | I3: 25931 | J3: =I3/F3 -> 0.3736563 | K3: =I3/C3 -> 0.002470062
A4: Week 3 | B4: January 16 - January 22, 2023 | C4: 14749691 | D4: 6393713 | E4: =D4/C4 -> 0.43348115 | F4: 142811 | G4: =F4/C4 -> 0.0096823045 | H4: =F4/D4 -> 0.022336161 | I4: 41254 | J4: =I4/F4 -> 0.28887131 | K4: =I4/C4 -> 0.0027969399
A5: Week 4 | B5: January 23 - January 29, 2023 | C5: 11960843 | D5: 4691733 | E5: =D5/C5 -> 0.39225772 | F5: 87659 | G5: =F5/C5 -> 0.0073288313 | H5: =F5/D5 -> 0.018683715 | I5: 31449 | J5: =I5/F5 -> 0.35876522 | K5: =I5/C5 -> 0.0026293297
A6: Week 5 | B6: January 30 - February 5, 2023 | C6: 11983400 | D6: 4480708 | E6: =D6/C6 -> 0.37390957 | F6: 125360 | G6: =F6/C6 -> 0.010461138 | H6: =F6/D6 -> 0.027977721 | I6: 28045 | J6: =I6/F6 -> 0.2237157 | K6: =I6/C6 -> 0.0023403208
A7: Week 6 | B7: February 6 - February 12, 2023 | C7: 16809857 | D7: 6439077 | E7: =D7/C7 -> 0.38305365 | F7: 95106 | G7: =F7/C7 -> 0.0056577519 | H7: =F7/D7 -> 0.014770129 | I7: 42128 | J7: =I7/F7 -> 0.44295838 | K7: =I7/C7 -> 0.0025061486
A8: Week 7 | B8: February 13 - February 19, 2023 | C8: 11817737 | D8: 4372026 | E8: =D8/C8 -> 0.36995459 | F8: 76230 | G8: =F8/C8 -> 0.0064504736 | H8: =F8/D8 -> 0.017435852 | I8: 23746 | J8: =I8/F8 -> 0.31150466 | K8: =I8/C8 -> 0.0020093526
A9: Week 8 | B9: February 20 - February 26, 2023 | C9: 18019341 | D9: 6916675 | E9: =D9/C9 -> 0.38384728 | F9: 151558 | G9: =F9/C9 -> 0.0084108514 | H9: =F9/D9 -> 0.021911974 | I9: 38055 | J9: =I9/F9 -> 0.25109199 | K9: =I9/C9 -> 0.0021118974
A10: Week 9 | B10: February 27 - March 5, 2023 | C10: 13206205 | D10: 5032492 | E10: =D10/C10 -> 0.38107026 | F10: 81232 | G10: =F10/C10 -> 0.0061510479 | H10: =F10/D10 -> 0.016141506 | I10: 28490 | J10: =I10/F10 -> 0.35072385 | K10: =I10/C10 -> 0.0021573192
A11: Week 10 | B11: March 6 - March 12, 2023 | C11: 13300772 | D11: 4941364 | E11: =D11/C11 -> 0.37150956 | F11: 78522 | G11: =F11/C11 -> 0.0059035671 | H11: =F11/D11 -> 0.015890754 | I11: 17970 | J11: =I11/F11 -> 0.22885306 | K11: =I11/C11 -> 0.0013510494
A12: Week 11 | B12: March 13 - March 19, 2023 | C12: 16557064 | D12: 6645473 | E12: =D12/C12 -> 0.40136784 | F12: 99161 | G12: =F12/C12 -> 0.0059890449 | H12: =F12/D12 -> 0.014921586 | I12: 16674 | J12: =I12/F12 -> 0.16815079 | K12: =I12/C12 -> 0.0010070626
A13: Week 12 | B13: March 20 - March 26, 2023 | C13: 5888053 | D13: 2168000 | E13: =D13/C13 -> 0.36820321 | F13: 40434 | G13: =F13/C13 -> 0.0068671257 | H13: =F13/D13 -> 0.018650369 | I13: 8996 | J13: =I13/F13 -> 0.22248603 | K13: =I13/C13 -> 0.0015278395
... A26: Week 25 | B26: June 19 - June 25, 2023 | C26: 12813458 | D26: 4404446 | E26: =D26/C26 -> 0.34373594 | F26: 60973 | G26: =F26/C26 -> 0.0047585125 | H26: =F26/D26 -> 0.013843512 | I26: 14742 | J26: =I26/F26 -> 0.24177915 | K26: =I26/C26 -> 0.0011505091
A27: Grand Total (YTD) | C27: =SUM(C2:C26) -> 323128325 | D27: =SUM(D2:D26) -> 120178596 | E27: =D27/C27 -> 0.3719222 | F27: =SUM(F2:F26) -> 1989848 | G27: =F27/C27 -> 0.0061580736 | H27: =F27/D27 -> 0.016557424 | I27: =SUM(I2:I26) -> 540782 | J27: =I27/F27 -> 0.27177051 | K27: =I27/C27 -> 0.0016735828
A30: Campaign Monitor 2021 Industry Benchmarks (Media, Entertainment, Publishing) | E30: 0.239 | G30: 0.029 | H30: 0.124 | K30: 0.001

Sheet Friday What's On
A1: Email Name | B1: Audience | C1: Business Unit | D1: Send Date | E1: Sends | F1: Delivery Rate | G1: Overall Bounces | H1: Unique Opens | I1: Open Rate | J1: Unique Clicks | K1: CTR | L1: CTO | M1: Unsubscribes | N1: Unsubscribe Rate | O1: Reporting
A2: Friday What's On FR | B2: SCENE | C2: Theatrical | D2: 44932 | E2: 95994 | F2: =(E2-G2)/E2 -> 0.99888535 | G2: 107 | H2: 30775 | I2: =H2/E2 -> 0.32059295 | J2: 946 | K2: =J2/E2 -> 0.0098547826 | L2: =J2/H2 -> 0.030739236 | M2: 86 | N2: =M2/E2 -> 0.00089588933 | O2: Theatrical
A3: Friday What's On EN | B3: SCENE | C3: Theatrical | D3: 44932 | E3: 1750473 | F3: =(E3-G3)/E3 -> 0.99671403 | G3: 5752 | H3: 625509 | I3: =H3/E3 -> 0.35733713 | J3: 12915 | K3: =J3/E3 -> 0.0073780058 | L3: =J3/H3 -> 0.020647185 | M3: 2797 | N3: =M3/E3 -> 0.0015978538 | O3: Theatrical
A4: Friday What's On FR | B4: CONNECT | C4: Theatrical | D4: 44932 | E4: 223652 | F4: =(E4-G4)/E4 -> 0.99710711 | G4: 647 | H4: 78135 | I4: =H4/E4 -> 0.34935972 | J4: 3430 | K4: =J4/E4 -> 0.015336326 | L4: =J4/H4 -> 0.043898381 | M4: 1896 | N4: =M4/E4 -> 0.008477456 | O4: Theatrical
A5: Friday What's On EN | B5: CONNECT | C5: Theatrical | D5: 44932 | E5: 2511131 | F5: =(E5-G5)/E5 -> 0.99525075 | G5: 11926 | H5: 923449 | I5: =H5/E5 -> 0.36774226 | J5: 23859 | K5: =J5/E5 -> 0.0095012964 | L5: =J5/H5 -> 0.025836836 | M5: 11684 | N5: =M5/E5 -> 0.0046528835 | O5: Theatrical
A6: Friday What's On FR | B6: SCENE | C6: Theatrical | D6: 44939 | E6: 96595 | F6: =(E6-G6)/E6 -> 0.99883017 | G6: 113 | H6: 31810 | I6: =H6/E6 -> 0.32931311 | J6: 847 | K6: =J6/E6 -> 0.0087685698 | L6: =J6/H6 -> 0.026626847 | M6: 78 | N6: =M6/E6 -> 0.00080749521 | O6: Theatrical
A7: Friday What's On FR | B7: CONNECT | C7: Theatrical | D7: 44939 | E7: 226314 | F7: =(E7-G7)/E7 -> 0.99721184 | G7: 631 | H7: 81138 | I7: =H7/E7 -> 0.35851958 | J7: 2838 | K7: =J7/E7 -> 0.012540099 | L7: =J7/H7 -> 0.034977446 | M7: 1339 | N7: =M7/E7 -> 0.0059165584 | O7: Theatrical
A8: Friday What's On EN | B8: SCENE | C8: Theatrical | D8: 44939 | E8: 1768850 | F8: =(E8-G8)/E8 -> 0.99685219 | G8: 5568 | H8: 643388 | I8: =H8/E8 -> 0.36373237 | J8: 11627 | K8: =J8/E8 -> 0.0065731973 | L8: =J8/H8 -> 0.018071521 | M8: 2397 | N8: =M8/E8 -> 0.0013551177 | O8: Theatrical
A9: Friday What's On EN | B9: CONNECT | C9: Theatrical | D9: 44939 | E9: 2523494 | F9: =(E9-G9)/E9 -> 0.99528154 | G9: 11907 | H9: 918692 | I9: =H9/E9 -> 0.36405555 | J9: 20283 | K9: =J9/E9 -> 0.0080376652 | L9: =J9/H9 -> 0.022078128 | M9: 9972 | N9: =M9/E9 -> 0.0039516638 | O9: Theatrical
A10: Friday What's On FR | B10: CONNECT | C10: Theatrical | D10: 44946 | E10: 198628 | F10: =(E10-G10)/E10 -> 0.99706486 | G10: 583 | H10: 68163 | I10: =H10/E10 -> 0.34316914 | J10: 2069 | K10: =J10/E10 -> 0.010416457 | L10: =J10/H10 -> 0.030353711 | M10: 989 | N10: =M10/E10 -> 0.004979157 | O10: Theatrical
A11: Friday What's On FR | B11: SCENE | C11: Theatrical | D11: 44946 | E11: 96804 | F11: =(E11-G11)/E11 -> 0.99904963 | G11: 92 | H11: 31041 | I11: =H11/E11 -> 0.32065824 | J11: 747 | K11: =J11/E11 -> 0.0077166233 | L11: =J11/H11 -> 0.024064946 | M11: 60 | N11: =M11/E11 -> 0.0006198091 | O11: Theatrical
A12: Friday What's On EN | B12: SCENE | C12: Theatrical | D12: 44946 | E12: 1657825 | F12: =(E12-G12)/E12 -> 0.99766501 | G12: 3871 | H12: 754373 | I12: =H12/E12 -> 0.45503778 | J12: 13840 | K12: =J12/E12 -> 0.0083482877 | L12: =J12/H12 -> 0.018346362 | M12: 2343 | N12: =M12/E12 -> 0.0014132975 | O12: Theatrical
A13: Friday What's On EN | B13: CONNECT | C13: Theatrical | D13: 44946 | E13: 2181188 | F13: =(E13-G13)/E13 -> 0.9952833 | G13: 10288 | H13: 789271 | I13: =H13/E13 -> 0.36185372 | J13: 15872 | K13: =J13/E13 -> 0.0072767684 | L13: =J13/H13 -> 0.020109696 | M13: 6565 | N13: =M13/E13 -> 0.0030098277 | O13: Theatrical
... A101: Friday What's On EN | B101: CONNECT | C101: Theatrical | D101: 45100 | E101: 2348491 | F101: =(E101-G101)/E101 -> 0.99773003 | G101: 5331 | H101: 752290 | I101: =H101/E101 -> 0.3203291 | J101: 9193 | K101: =J101/E101 -> 0.0039144285 | L101: =J101/H101 -> 0.012220022 | M101: 3179 | N101: =M101/E101 -> 0.0013536352 | O101: Theatrical
A103: All 2023 Friday What's On Data | E103: =SUM(E2:E101) -> 110393094 | F103: =(E103-G103)/E103 -> 0.99682139 | G103: =SUM(G2:G101) -> 350897 | H103: =SUM(H2:H101) -> 38342700 | I103: =H103/E103 -> 0.34732879 | J103: =SUM(J2:J101) -> 606555 | K103: =J103/E103 -> 0.0054945013 | L103: =J103/H103 -> 0.015819308 | M103: =SUM(M2:M101) -> 182222 | N103: =M103/E103 -> 0.0016506649
M104: =M103/J103 -> 0.30042123
A106: Campaign Monitor 2021 Industry Benchmarks (Media, Entertainment, Publishing) | I106: 0.239 | K106: 0.029 | L106: 0.124 | N106: 0.001

Sheet Tuesday Deals
A1: Email Name | B1: Audience | C1: Business Unit | D1: Send Date | E1: Sends | F1: Delivery Rate | G1: Overall Bounces | H1: Unique Opens | I1: Open Rate | J1: Unique Clicks | K1: CTR | L1: CTO | M1: Unsubscribes | N1: Unsubscribe Rate | O1: Reporting
A2: Tuesday Deals FR | B2: SCENE | C2: Theatrical | D2: 44929 | E2: 22244 | F2: =(E2-G2)/E2 -> 0.99878619 | G2: 27 | H2: 7887 | I2: =H2/E2 -> 0.35456752 | J2: 378 | K2: =J2/E2 -> 0.016993347 | L2: =J2/H2 -> 0.047926968 | M2: 19 | N2: =M2/E2 -> 0.00085416292 | O2: Theatrical
A3: Tuesday Deals EN | B3: SCENE | C3: Theatrical | D3: 44929 | E3: 194636 | F3: =(E3-G3)/E3 -> 0.99814526 | G3: 361 | H3: 69766 | I3: =H3/E3 -> 0.35844345 | J3: 1647 | K3: =J3/E3 -> 0.0084619495 | L3: =J3/H3 -> 0.023607488 | M3: 157 | N3: =M3/E3 -> 0.00080663392 | O3: Theatrical
A4: Tuesday Deals FR | B4: CONNECT | C4: Theatrical | D4: 44929 | E4: 17887 | F4: =(E4-G4)/E4 -> 0.99921731 | G4: 14 | H4: 6856 | I4: =H4/E4 -> 0.38329513 | J4: 224 | K4: =J4/E4 -> 0.012523061 | L4: =J4/H4 -> 0.032672112 | M4: 38 | N4: =M4/E4 -> 0.0021244479 | O4: Theatrical
A5: Tuesday Deals EN | B5: CONNECT | C5: Theatrical | D5: 44929 | E5: 354949 | F5: =(E5-G5)/E5 -> 0.99838287 | G5: 574 | H5: 141863 | I5: =H5/E5 -> 0.3996715 | J5: 2270 | K5: =J5/E5 -> 0.006395285 | L5: =J5/H5 -> 0.016001353 | M5: 606 | N5: =M5/E5 -> 0.0017072875 | O5: Theatrical
A6: Tuesday Deals FR | B6: CONNECT | C6: Theatrical | D6: 44936 | E6: 18438 | F6: =(E6-G6)/E6 -> 0.99940341 | G6: 11 | H6: 7217 | I6: =H6/E6 -> 0.39141989 | J6: 237 | K6: =J6/E6 -> 0.012853889 | L6: =J6/H6 -> 0.03283913 | M6: 34 | N6: =M6/E6 -> 0.0018440178 | O6: Theatrical
A7: Tuesday Deals FR | B7: SCENE | C7: Theatrical | D7: 44936 | E7: 22406 | F7: =(E7-G7)/E7 -> 0.99928591 | G7: 16 | H7: 8105 | I7: =H7/E7 -> 0.36173346 | J7: 343 | K7: =J7/E7 -> 0.0153084 | L7: =J7/H7 -> 0.042319556 | M7: 13 | N7: =M7/E7 -> 0.00058020173 | O7: Theatrical
A8: Tuesday Deals EN | B8: SCENE | C8: Theatrical | D8: 44936 | E8: 196490 | F8: =(E8-G8)/E8 -> 0.99831544 | G8: 331 | H8: 71868 | I8: =H8/E8 -> 0.36575907 | J8: 1795 | K8: =J8/E8 -> 0.009135325 | L8: =J8/H8 -> 0.024976346 | M8: 123 | N8: =M8/E8 -> 0.00062598606 | O8: Theatrical
A9: Tuesday Deals EN | B9: CONNECT | C9: Theatrical | D9: 44936 | E9: 358419 | F9: =(E9-G9)/E9 -> 0.99861056 | G9: 498 | H9: 141898 | I9: =H9/E9 -> 0.39589977 | J9: 2425 | K9: =J9/E9 -> 0.0067658244 | L9: =J9/H9 -> 0.017089741 | M9: 556 | N9: =M9/E9 -> 0.001551257 | O9: Theatrical
A10: Tuesday Deals FR | B10: SCENE | C10: Theatrical | D10: 44943 | E10: 22648 | F10: =(E10-G10)/E10 -> 0.99920523 | G10: 18 | H10: 8068 | I10: =H10/E10 -> 0.35623455 | J10: 265 | K10: =J10/E10 -> 0.011700812 | L10: =J10/H10 -> 0.032845811 | M10: 17 | N10: =M10/E10 -> 0.00075061816 | O10: Theatrical
A11: Tuesday Deals FR | B11: CONNECT | C11: Theatrical | D11: 44943 | E11: 25216 | F11: =(E11-G11)/E11 -> 0.99857234 | G11: 36 | H11: 9722 | I11: =H11/E11 -> 0.38554886 | J11: 289 | K11: =J11/E11 -> 0.011460977 | L11: =J11/H11 -> 0.029726394 | M11: 116 | N11: =M11/E11 -> 0.0046002538 | O11: Theatrical
A12: Tuesday Deals EN | B12: SCENE | C12: Theatrical | D12: 44943 | E12: 207913 | F12: =(E12-G12)/E12 -> 0.99800878 | G12: 414 | H12: 77636 | I12: =H12/E12 -> 0.37340618 | J12: 1924 | K12: =J12/E12 -> 0.0092538706 | L12: =J12/H12 -> 0.024782317 | M12: 141 | N12: =M12/E12 -> 0.00067816827 | O12: Theatrical
A13: Tuesday Deals EN | B13: CONNECT | C13: Theatrical | D13: 44943 | E13: 418744 | F13: =(E13-G13)/E13 -> 0.99802743 | G13: 826 | H13: 168010 | I13: =H13/E13 -> 0.40122366 | J13: 3250 | K13: =J13/E13 -> 0.0077613052 | L13: =J13/H13 -> 0.019344087 | M13: 1139 | N13: =M13/E13 -> 0.002720039 | O13: Theatrical
... A103: Tuesday Deals EN | B103: CONNECT | C103: Theatrical | D103: 45097 | E103: 477617 | F103: =(E103-G103)/E103 -> 0.99774296 | G103: 1078 | H103: 177179 | I103: =H103/E103 -> 0.3709646 | J103: 2060 | K103: =J103/E103 -> 0.0043130793 | L103: =J103/H103 -> 0.01162666 | M103: 406 | N103: =M103/E103 -> 0.00085005349 | O103: Theatrical
A105: All 2023 Tuesday Deals Data | E105: =SUM(E2:E103) -> 17955970 | F105: =(E105-G105)/E105 -> 0.99730597 | G105: =SUM(G2:G103) -> 48374 | H105: =SUM(H2:H103) -> 6898864 | I105: =H105/E105 -> 0.38421004 | J105: =SUM(J2:J103) -> 120284 | K105: =J105/E105 -> 0.0066988305 | L105: =J105/H105 -> 0.017435334 | M105: =SUM(M2:M103) -> 17225 | N105: =M105/E105 -> 0.00095929098
M106: =M105/J105 -> 0.14320275
A108: Campaign Monitor 2021 Industry Benchmarks (Media, Entertainment, Publishing) | I108: 0.239 | K108: 0.029 | L108: 0.124 | N108: 0.001

Sheet Store Newsletter
A1: Email Name | B1: Audience | C1: Business Unit | D1: Send Date | E1: Sends | F1: Delivery Rate | G1: Overall Bounces | H1: Unique Opens | I1: Open Rate | J1: Unique Clicks | K1: CTR | L1: CTO | M1: Unsubscribes | N1: Unsubscribe Rate | O1: Reporting
A2: Movie Guide EN 24MT | B2: CONNECT | C2: Store | D2: 44932 | E2: 229503 | F2: =(E2-G2)/E2 -> 0.99866233 | G2: 307 | H2: 105460 | I2: =H2/E2 -> 0.45951469 | J2: 2616 | K2: =J2/E2 -> 0.011398544 | L2: =J2/H2 -> 0.024805614 | M2: 317 | N2: =M2/E2 -> 0.0013812456 | O2: Store
A3: Movie Guide EN | B3: CONNECT | C3: Store | D3: 44932 | E3: 327320 | F3: =(E3-G3)/E3 -> 0.9971618 | G3: 929 | H3: 123722 | I3: =H3/E3 -> 0.37798485 | J3: 3484 | K3: =J3/E3 -> 0.010644018 | L3: =J3/H3 -> 0.028159907 | M3: 473 | N3: =M3/E3 -> 0.001445069 | O3: Store
A4: Movie Guide FR | B4: CONNECT | C4: Store | D4: 44933 | E4: 13458 | F4: =(E4-G4)/E4 -> 0.99903403 | G4: 13 | H4: 4436 | I4: =H4/E4 -> 0.32961807 | J4: 200 | K4: =J4/E4 -> 0.014861049 | L4: =J4/H4 -> 0.045085663 | M4: 42 | N4: =M4/E4 -> 0.0031208203 | O4: Store
A5: Movie Guide EN 24MT | B5: CONNECT | C5: Store | D5: 44939 | E5: 252620 | F5: =(E5-G5)/E5 -> 0.99887974 | G5: 283 | H5: 95330 | I5: =H5/E5 -> 0.37736521 | J5: 2226 | K5: =J5/E5 -> 0.0088116539 | L5: =J5/H5 -> 0.023350467 | M5: 330 | N5: =M5/E5 -> 0.0013063099 | O5: Store
A6: Movie Guide EN | B6: CONNECT | C6: Store | D6: 44939 | E6: 334315 | F6: =(E6-G6)/E6 -> 0.99789121 | G6: 705 | H6: 101194 | I6: =H6/E6 -> 0.30269058 | J6: 2570 | K6: =J6/E6 -> 0.0076873607 | L6: =J6/H6 -> 0.025396763 | M6: 321 | N6: =M6/E6 -> 0.00096017229 | O6: Store
A7: Movie Guide EN 24MT | B7: CONNECT | C7: Store | D7: 44946 | E7: 251190 | F7: =(E7-G7)/E7 -> 0.99849914 | G7: 377 | H7: 116570 | I7: =H7/E7 -> 0.46407102 | J7: 2464 | K7: =J7/E7 -> 0.0098093077 | L7: =J7/H7 -> 0.021137514 | M7: 385 | N7: =M7/E7 -> 0.0015327043 | O7: Store
A8: Movie Guide EN | B8: CONNECT | C8: Store | D8: 44946 | E8: 334231 | F8: =(E8-G8)/E8 -> 0.9970679 | G8: 980 | H8: 127214 | I8: =H8/E8 -> 0.380617 | J8: 3076 | K8: =J8/E8 -> 0.0092032157 | L8: =J8/H8 -> 0.024179729 | M8: 473 | N8: =M8/E8 -> 0.0014151889 | O8: Store
A9: Movie Guide FR | B9: CONNECT | C9: Store | D9: 44947 | E9: 15444 | F9: =(E9-G9)/E9 -> 0.9990935 | G9: 14 | H9: 5022 | I9: =H9/E9 -> 0.32517483 | J9: 173 | K9: =J9/E9 -> 0.011201761 | L9: =J9/H9 -> 0.034448427 | M9: 17 | N9: =M9/E9 -> 0.0011007511 | O9: Store
A10: Movie Guide EN | B10: CONNECT | C10: Store | D10: 44953 | E10: 334048 | F10: =(E10-G10)/E10 -> 0.99770093 | G10: 768 | H10: 122888 | I10: =H10/E10 -> 0.36787528 | J10: 3571 | K10: =J10/E10 -> 0.01069008 | L10: =J10/H10 -> 0.029058981 | M10: 581 | N10: =M10/E10 -> 0.001739271 | O10: Store
A11: Movie Guide EN 24MT | B11: CONNECT | C11: Store | D11: 44953 | E11: 250619 | F11: =(E11-G11)/E11 -> 0.99901444 | G11: 247 | H11: 114442 | I11: =H11/E11 -> 0.45663737 | J11: 3246 | K11: =J11/E11 -> 0.012951931 | L11: =J11/H11 -> 0.028363713 | M11: 438 | N11: =M11/E11 -> 0.0017476728 | O11: Store
A12: Movie Guide EN 24MT | B12: CONNECT | C12: Store | D12: 44960 | E12: 249719 | F12: =(E12-G12)/E12 -> 0.99873458 | G12: 316 | H12: 113555 | I12: =H12/E12 -> 0.45473112 | J12: 1651 | K12: =J12/E12 -> 0.0066114312 | L12: =J12/H12 -> 0.01453921 | M12: 348 | N12: =M12/E12 -> 0.0013935664 | O12: Store
A13: Movie Guide EN | B13: CONNECT | C13: Store | D13: 44960 | E13: 333398 | F13: =(E13-G13)/E13 -> 0.99789141 | G13: 703 | H13: 124313 | I13: =H13/E13 -> 0.37286666 | J13: 2170 | K13: =J13/E13 -> 0.0065087373 | L13: =J13/H13 -> 0.017455938 | M13: 394 | N13: =M13/E13 -> 0.0011817707 | O13: Store
... A64: Movie Guide FR | B64: CONNECT | C64: Store | D64: 45101 | E64: 14954 | F64: =(E64-G64)/E64 -> 0.99819446 | G64: 27 | H64: 4698 | I64: =H64/E64 -> 0.31416343 | J64: 191 | K64: =J64/E64 -> 0.012772502 | L64: =J64/H64 -> 0.040655598 | M64: 16 | N64: =M64/E64 -> 0.0010699478 | O64: Store
A66: All 2023 Store Newsletter Data | E66: =SUM(E2:E64) -> 14520938 | F66: =(E66-G66)/E66 -> 0.99698367 | G66: =SUM(G2:G64) -> 43800 | H66: =SUM(H2:H64) -> 5753444 | I66: =H66/E66 -> 0.3962171 | J66: =SUM(J2:J64) -> 126121 | K66: =J66/E66 -> 0.0086854582 | L66: =J66/H66 -> 0.021920957 | M66: =SUM(M2:M64) -> 14795 | N66: =M66/E66 -> 0.0010188736
M67: =M66/J66 -> 0.11730798
A69: Movie Guide EN 24 MT | E69: =E2+E5+E7+E11+E12+E16+E17+E20+E22+E25+E27+E30+E32+E35+E37+E41+E42+E45+E47+E50+E52+E55+E57+E60+E62 -> 6011042 | F69: =(E69-G69)/E69 -> 0.99777626 | G69: =G2+G5+G7+G11+G12+G16+G17+G20+G22+G25+G27+G30+G32+G35+G37+G41+G42+G45+G47+G50+G52+G55+G57+G60+G62 -> 13367 | H69: =H2+H5+H7+H11+H12+H16+H17+H20+H22+H25+H27+H30+H32+H35+H37+H41+H42+H45+H47+H50+H52+H55+H57+H60+H62 -> 2679910 | I69: =H69/E69 -> 0.44583119 | J69: =J2+J5+J7+J11+J12+J16+J17+J20+J22+J25+J27+J30+J32+J35+J37+J41+J42+J45+J47+J50+J52+J55+J57+J60+J62 -> 55666 | K69: =J69/E69 -> 0.009260624 | L69: =J69/H69 -> 0.020771593 | M69: =M2+M5+M7+M11+M12+M16+M17+M20+M22+M25+M27+M30+M32+M35+M37+M41+M42+M45+M47+M50+M52+M55+M57+M60+M62 -> 6298 | N69: =M69/E69 -> 0.0010477385
M70: =M69/J69 -> 0.11313908
A72: Movie Guide EN | E72: =E3+E6+E8+E10+E13+E15+E18+E21+E23+E26+E28+E31+E33+E36+E38+E40+E43+E46+E48+E51+E53+E56+E58+E61+E63 -> 8316358 | F72: =(E72-G72)/E72 -> 0.99640095 | G72: =G3+G6+G8+G10+G13+G15+G18+G21+G23+G26+G28+G31+G33+G36+G38+G40+G43+G46+G48+G51+G53+G56+G58+G61+G63 -> 29931 | H72: =H3+H6+H8+H10+H13+H15+H18+H21+H23+H26+H28+H31+H33+H36+H38+H40+H43+H46+H48+H51+H53+H56+H58+H61+H63 -> 3011257 | I72: =H72/E72 -> 0.36208843 | J72: =J3+J6+J8+J10+J13+J15+J18+J21+J23+J26+J28+J31+J33+J36+J38+J40+J43+J46+J48+J51+J53+J56+J58+J61+J63 -> 67871 | K72: =J72/E72 -> 0.0081611446 | L72: =J72/H72 -> 0.022539092 | M72: =M3+M6+M8+M10+M13+M15+M18+M21+M23+M26+M28+M31+M33+M36+M38+M40+M43+M46+M48+M51+M53+M56+M58+M61+M63 -> 8238 | N72: =M72/E72 -> 0.00099057785
M73: =M72/J72 -> 0.12137732
A75: Movie Guide FR | E75: =E9+E4+E14+E19+E24+E29+E34+E39+E44+E49+E54+E59+E64 -> 193538 | F75: =(E75-G75)/E75 -> 0.99740619 | G75: =G9+G4+G14+G19+G24+G29+G34+G39+G44+G49+G54+G59+G64 -> 502 | H75: =H9+H4+H14+H19+H24+H29+H34+H39+H44+H49+H54+H59+H64 -> 62277 | I75: =H75/E75 -> 0.32178177 | J75: =J9+J4+J14+J19+J24+J29+J34+J39+J44+J49+J54+J59+J64 -> 2584 | K75: =J75/E75 -> 0.013351383 | L75: =J75/H75 -> 0.041492044 | M75: =M9+M4+M14+M19+M24+M29+M34+M39+M44+M49+M54+M59+M64 -> 259 | N75: =M75/E75 -> 0.0013382385
M76: =M75/J75 -> 0.1002322
A78: Campaign Monitor 2021 Industry Benchmarks (Media, Entertainment, Publishing) | I78: 0.239 | K78: 0.029 | L78: 0.124 | N78: 0.001

Sheet Theatrical
A1: Email Name | B1: Audience | C1: Business Unit | D1: Send Date | E1: Sends | F1: Delivery Rate | G1: Overall Bounces | H1: Unique Opens | I1: Open Rate | J1: Unique Clicks | K1: CTR | L1: CTO | M1: Unsubscribes | N1: Unsubscribe Rate | O1: Reporting
A2: Tuesday Deals FR | B2: SCENE | C2: Theatrical | D2: 44929 | E2: 22244 | F2: =(E2-G2)/E2 -> 0.99878619 | G2: 27 | H2: 7887 | I2: =H2/E2 -> 0.35456752 | J2: 378 | K2: =J2/E2 -> 0.016993347 | L2: =J2/H2 -> 0.047926968 | M2: 19 | N2: =M2/E2 -> 0.00085416292 | O2: Theatrical
A3: Tuesday Deals EN | B3: SCENE | C3: Theatrical | D3: 44929 | E3: 194636 | F3: =(E3-G3)/E3 -> 0.99814526 | G3: 361 | H3: 69766 | I3: =H3/E3 -> 0.35844345 | J3: 1647 | K3: =J3/E3 -> 0.0084619495 | L3: =J3/H3 -> 0.023607488 | M3: 157 | N3: =M3/E3 -> 0.00080663392 | O3: Theatrical
A4: Tuesday Deals FR | B4: CONNECT | C4: Theatrical | D4: 44929 | E4: 17887 | F4: =(E4-G4)/E4 -> 0.99921731 | G4: 14 | H4: 6856 | I4: =H4/E4 -> 0.38329513 | J4: 224 | K4: =J4/E4 -> 0.012523061 | L4: =J4/H4 -> 0.032672112 | M4: 38 | N4: =M4/E4 -> 0.0021244479 | O4: Theatrical
A5: Tuesday Deals EN | B5: CONNECT | C5: Theatrical | D5: 44929 | E5: 354949 | F5: =(E5-G5)/E5 -> 0.99838287 | G5: 574 | H5: 141863 | I5: =H5/E5 -> 0.3996715 | J5: 2270 | K5: =J5/E5 -> 0.006395285 | L5: =J5/H5 -> 0.016001353 | M5: 606 | N5: =M5/E5 -> 0.0017072875 | O5: Theatrical
A6: Friday What's On FR | B6: SCENE | C6: Theatrical | D6: 44932 | E6: 95994 | F6: =(E6-G6)/E6 -> 0.99888535 | G6: 107 | H6: 30775 | I6: =H6/E6 -> 0.32059295 | J6: 946 | K6: =J6/E6 -> 0.0098547826 | L6: =J6/H6 -> 0.030739236 | M6: 86 | N6: =M6/E6 -> 0.00089588933 | O6: Theatrical
A7: Friday What's On EN | B7: SCENE | C7: Theatrical | D7: 44932 | E7: 1750473 | F7: =(E7-G7)/E7 -> 0.99671403 | G7: 5752 | H7: 625509 | I7: =H7/E7 -> 0.35733713 | J7: 12915 | K7: =J7/E7 -> 0.0073780058 | L7: =J7/H7 -> 0.020647185 | M7: 2797 | N7: =M7/E7 -> 0.0015978538 | O7: Theatrical
A8: Friday What's On FR | B8: CONNECT | C8: Theatrical | D8: 44932 | E8: 223652 | F8: =(E8-G8)/E8 -> 0.99710711 | G8: 647 | H8: 78135 | I8: =H8/E8 -> 0.34935972 | J8: 3430 | K8: =J8/E8 -> 0.015336326 | L8: =J8/H8 -> 0.043898381 | M8: 1896 | N8: =M8/E8 -> 0.008477456 | O8: Theatrical
A9: Friday What's On EN | B9: CONNECT | C9: Theatrical | D9: 44932 | E9: 2511131 | F9: =(E9-G9)/E9 -> 0.99525075 | G9: 11926 | H9: 923449 | I9: =H9/E9 -> 0.36774226 | J9: 23859 | K9: =J9/E9 -> 0.0095012964 | L9: =J9/H9 -> 0.025836836 | M9: 11684 | N9: =M9/E9 -> 0.0046528835 | O9: Theatrical
A10: Edmonton Closure EN | B10: SCENE | C10: Theatrical | D10: 44932 | E10: 4172 | F10: =(E10-G10)/E10 -> 0.99856184 | G10: 6 | H10: 1614 | I10: =H10/E10 -> 0.38686481 | J10: 24 | K10: =J10/E10 -> 0.0057526366 | L10: =J10/H10 -> 0.014869888 | M10: 4 | N10: =M10/E10 -> 0.00095877277 | O10: Theatrical
A11: Edmonton Closure EN | B11: CONNECT | C11: Theatrical | D11: 44932 | E11: 2196 | F11: =(E11-G11)/E11 -> 0.99908925 | G11: 2 | H11: 865 | I11: =H11/E11 -> 0.393898 | J11: 15 | K11: =J11/E11 -> 0.0068306011 | L11: =J11/H11 -> 0.01734104 | M11: 4 | N11: =M11/E11 -> 0.0018214936 | O11: Theatrical
A12: Arts & Culture Newsletter FR | B12: SCENE | C12: Theatrical | D12: 44933 | E12: 1320 | F12: =(E12-G12)/E12 -> 0.99848485 | G12: 2 | H12: 655 | I12: =H12/E12 -> 0.49621212 | J12: 100 | K12: =J12/E12 -> 0.075757576 | L12: =J12/H12 -> 0.15267176 | M12: 4 | N12: =M12/E12 -> 0.003030303 | O12: Theatrical
A13: Arts & Culture Newsletter EN | B13: SCENE | C13: Theatrical | D13: 44933 | E13: 10010 | F13: =(E13-G13)/E13 -> 0.9989011 | G13: 11 | H13: 4668 | I13: =H13/E13 -> 0.46633367 | J13: 555 | K13: =J13/E13 -> 0.055444555 | L13: =J13/H13 -> 0.1188946 | M13: 7 | N13: =M13/E13 -> 0.0006993007 | O13: Theatrical
... A509: Friday What's On EN | B509: CONNECT | C509: Theatrical | D509: 45100 | E509: 2348491 | F509: =(E509-G509)/E509 -> 0.99773003 | G509: 5331 | H509: 752290 | I509: =H509/E509 -> 0.3203291 | J509: 9193 | K509: =J509/E509 -> 0.0039144285 | L509: =J509/H509 -> 0.012220022 | M509: 3179 | N509: =M509/E509 -> 0.0013536352 | O509: Theatrical
A511: All 2023 Theatrical | E511: =SUM(E2:E509) -> 265760687 | F511: =(E511-G511)/E511 -> 0.99688983 | G511: =SUM(G2:G509) -> 826560 | H511: =SUM(H2:H509) -> 96522187 | I511: =H511/E511 -> 0.36319212 | J511: =SUM(J2:J509) -> 1458556 | K511: =J511/E511 -> 0.0054882308 | L511: =J511/H511 -> 0.015111096 | M511: =SUM(M2:M509) -> 438923 | N511: =M511/E511 -> 0.0016515723
M512: =M511/J511 -> 0.30092982
A514: Campaign Monitor 2021 Industry Benchmarks (Media, Entertainment, Publishing) | I514: 0.239 | K514: 0.029 | L514: 0.124 | N514: 0.001

Sheet Store
A1: Email Name | B1: Audience | C1: Business Unit | D1: Send Date | E1: Sends | F1: Delivery Rate | G1: Overall Bounces | H1: Unique Opens | I1: Open Rate | J1: Unique Clicks | K1: CTR | L1: CTO | M1: Unsubscribes | N1: Unsubscribe Rate | O1: Reporting
A2: Movie Guide EN 24MT | B2: CONNECT | C2: Store | D2: 44932 | E2: 229503 | F2: =(E2-G2)/E2 -> 0.99866233 | G2: 307 | H2: 105460 | I2: =H2/E2 -> 0.45951469 | J2: 2616 | K2: =J2/E2 -> 0.011398544 | L2: =J2/H2 -> 0.024805614 | M2: 317 | N2: =M2/E2 -> 0.0013812456 | O2: Store
A3: Movie Guide EN | B3: CONNECT | C3: Store | D3: 44932 | E3: 327320 | F3: =(E3-G3)/E3 -> 0.9971618 | G3: 929 | H3: 123722 | I3: =H3/E3 -> 0.37798485 | J3: 3484 | K3: =J3/E3 -> 0.010644018 | L3: =J3/H3 -> 0.028159907 | M3: 473 | N3: =M3/E3 -> 0.001445069 | O3: Store
A4: Puss In Boots FR | B4: CONNECT | C4: Store | D4: 44936 | E4: 8498 | F4: =(E4-G4)/E4 -> 0.99917628 | G4: 7 | H4: 3081 | I4: =H4/E4 -> 0.3625559 | J4: 77 | K4: =J4/E4 -> 0.0090609555 | L4: =J4/H4 -> 0.024991886 | M4: 24 | N4: =M4/E4 -> 0.0028241939 | O4: Store
A5: Puss In Boots FR | B5: SCENE | C5: Store | D5: 44936 | E5: 8577 | F5: =(E5-G5)/E5 -> 0.99918386 | G5: 7 | H5: 2955 | I5: =H5/E5 -> 0.34452606 | J5: 68 | K5: =J5/E5 -> 0.00792818 | L5: =J5/H5 -> 0.023011844 | M5: 14 | N5: =M5/E5 -> 0.0016322724 | O5: Store
A6: Puss In Boots EN | B6: CONNECT | C6: Store | D6: 44936 | E6: 153349 | F6: =(E6-G6)/E6 -> 0.99861101 | G6: 213 | H6: 73892 | I6: =H6/E6 -> 0.48185511 | J6: 1128 | K6: =J6/E6 -> 0.0073557702 | L6: =J6/H6 -> 0.015265523 | M6: 359 | N6: =M6/E6 -> 0.0023410652 | O6: Store
A7: Puss In Boots EN | B7: SCENE | C7: Store | D7: 44936 | E7: 169230 | F7: =(E7-G7)/E7 -> 0.99881818 | G7: 200 | H7: 74958 | I7: =H7/E7 -> 0.44293565 | J7: 970 | K7: =J7/E7 -> 0.0057318442 | L7: =J7/H7 -> 0.01294058 | M7: 184 | N7: =M7/E7 -> 0.0010872777 | O7: Store
A8: Movie Guide EN 24MT | B8: CONNECT | C8: Store | D8: 44939 | E8: 252620 | F8: =(E8-G8)/E8 -> 0.99887974 | G8: 283 | H8: 95330 | I8: =H8/E8 -> 0.37736521 | J8: 2226 | K8: =J8/E8 -> 0.0088116539 | L8: =J8/H8 -> 0.023350467 | M8: 330 | N8: =M8/E8 -> 0.0013063099 | O8: Store
A9: Movie Guide EN | B9: CONNECT | C9: Store | D9: 44939 | E9: 334315 | F9: =(E9-G9)/E9 -> 0.99789121 | G9: 705 | H9: 101194 | I9: =H9/E9 -> 0.30269058 | J9: 2570 | K9: =J9/E9 -> 0.0076873607 | L9: =J9/H9 -> 0.025396763 | M9: 321 | N9: =M9/E9 -> 0.00096017229 | O9: Store
A10: National Popcorn Day FR | B10: SCENE | C10: Store | D10: 44944 | E10: 13312 | F10: =(E10-G10)/E10 -> 0.99939904 | G10: 8 | H10: 4857 | I10: =H10/E10 -> 0.36485877 | J10: 100 | K10: =J10/E10 -> 0.0075120192 | L10: =J10/H10 -> 0.020588841 | M10: 21 | N10: =M10/E10 -> 0.001577524 | O10: Store
A11: National Popcorn Day FR | B11: Connect | C11: Store | D11: 44944 | E11: 12562 | F11: =(E11-G11)/E11 -> 0.99872632 | G11: 16 | H11: 4407 | I11: =H11/E11 -> 0.35081993 | J11: 124 | K11: =J11/E11 -> 0.0098710396 | L11: =J11/H11 -> 0.028137055 | M11: 42 | N11: =M11/E11 -> 0.0033434167 | O11: Store
A12: National Popcorn Day EN | B12: SCENE | C12: Store | D12: 44944 | E12: 267738 | F12: =(E12-G12)/E12 -> 0.99876372 | G12: 331 | H12: 128054 | I12: =H12/E12 -> 0.47828101 | J12: 2534 | K12: =J12/E12 -> 0.0094644765 | L12: =J12/H12 -> 0.019788527 | M12: 182 | N12: =M12/E12 -> 0.00067976903 | O12: Store
A13: National Popcorn Day EN | B13: Connect | C13: Store | D13: 44944 | E13: 216958 | F13: =(E13-G13)/E13 -> 0.99808258 | G13: 416 | H13: 109518 | I13: =H13/E13 -> 0.50478895 | J13: 2556 | K13: =J13/E13 -> 0.011781082 | L13: =J13/H13 -> 0.023338629 | M13: 504 | N13: =M13/E13 -> 0.0023230303 | O13: Store
... A115: Movie Guide FR | B115: CONNECT | C115: Store | D115: 45101 | E115: 14954 | F115: =(E115-G115)/E115 -> 0.99819446 | G115: 27 | H115: 4698 | I115: =H115/E115 -> 0.31416343 | J115: 191 | K115: =J115/E115 -> 0.012772502 | L115: =J115/H115 -> 0.040655598 | M115: 16 | N115: =M115/E115 -> 0.0010699478 | O115: Store
A117: All 2023 Store | E117: =SUM(E2:E115) -> 33780908 | F117: =(E117-G117)/E117 -> 0.99648011 | G117: =SUM(G2:G115) -> 118905 | H117: =SUM(H2:H115) -> 14555673 | I117: =H117/E117 -> 0.4308846 | J117: =SUM(J2:J115) -> 239749 | K117: =J117/E117 -> 0.0070971745 | L117: =J117/H117 -> 0.016471172 | M117: =SUM(M2:M115) -> 46124 | N117: =M117/E117 -> 0.0013653866
M118: =M117/J117 -> 0.19238454
A120: Campaign Monitor 2021 Industry Benchmarks (Media, Entertainment, Publishing) | I120: 0.239 | K120: 0.029 | L120: 0.124 | N120: 0.001

Sheet Scene+ Offer Only
A1: Email Name | B1: Audience | C1: Business Unit | D1: Send Date | E1: Sends | F1: Delivery Rate | G1: Overall Bounces | H1: Unique Opens | I1: Open Rate | J1: Unique Clicks | K1: CTR | L1: CTO | M1: Unsubscribes | N1: Unsubscribe Rate | O1: Reporting
A2: Scene Redemption Offer FR | B2: SCENE | C2: Scene+ Offer Only | D2: 44945 | E2: 58305 | F2: =(E2-G2)/E2 -> 0.99938256 | G2: 36 | H2: 20830 | I2: =H2/E2 -> 0.35725924 | J2: 405 | K2: =J2/E2 -> 0.006946231 | L2: =J2/H2 -> 0.019443111 | M2: 23 | N2: =M2/E2 -> 0.00039447732 | O2: Scene+ Offer Only
A3: Scene Redemption Offer EN | B3: SCENE | C3: Scene+ Offer Only | D3: 44945 | E3: 1048165 | F3: =(E3-G3)/E3 -> 0.99827985 | G3: 1803 | H3: 420124 | I3: =H3/E3 -> 0.40081857 | J3: 5939 | K3: =J3/E3 -> 0.0056660926 | L3: =J3/H3 -> 0.014136303 | M3: 513 | N3: =M3/E3 -> 0.00048942676 | O3: Scene+ Offer Only
A4: 1M Points Contest FR | B4: SCENE | C4: Scene+ Offer Only | D4: 44958 | E4: 118612 | F4: =(E4-G4)/E4 -> 0.9992075 | G4: 94 | H4: 41444 | I4: =H4/E4 -> 0.34940815 | J4: 3187 | K4: =J4/E4 -> 0.026869119 | L4: =J4/H4 -> 0.076898948 | M4: 67 | N4: =M4/E4 -> 0.00056486696 | O4: Scene+ Offer Only
A5: 1M Points Contest FR | B5: CONNECT | C5: Scene+ Offer Only | D5: 44958 | E5: 225370 | F5: =(E5-G5)/E5 -> 0.99866442 | G5: 301 | H5: 78840 | I5: =H5/E5 -> 0.34982473 | J5: 2842 | K5: =J5/E5 -> 0.012610374 | L5: =J5/H5 -> 0.036047692 | M5: 1119 | N5: =M5/E5 -> 0.0049651684 | O5: Scene+ Offer Only
A6: 1M Points Contest EN | B6: SCENE | C6: Scene+ Offer Only | D6: 44958 | E6: 2084287 | F6: =(E6-G6)/E6 -> 0.99772824 | G6: 4735 | H6: 801636 | I6: =H6/E6 -> 0.38460922 | J6: 47678 | K6: =J6/E6 -> 0.022874969 | L6: =J6/H6 -> 0.059475872 | M6: 1805 | N6: =M6/E6 -> 0.00086600358 | O6: Scene+ Offer Only
A7: 1M Points Contest EN | B7: CONNECT | C7: Scene+ Offer Only | D7: 44958 | E7: 2403003 | F7: =(E7-G7)/E7 -> 0.99798627 | G7: 4839 | H7: 889875 | I7: =H7/E7 -> 0.37031789 | J7: 21323 | K7: =J7/E7 -> 0.0088734804 | L7: =J7/H7 -> 0.023961792 | M7: 8219 | N7: =M7/E7 -> 0.0034203037 | O7: Scene+ Offer Only
A8: Scene Acquisition Offer FR | B8: CONNECT | C8: Scene+ Offer Only | D8: 44959 | E8: 5558 | F8: =(E8-G8)/E8 -> 0.99928032 | G8: 4 | H8: 1870 | I8: =H8/E8 -> 0.33645196 | J8: 48 | K8: =J8/E8 -> 0.0086362001 | L8: =J8/H8 -> 0.025668449 | M8: 47 | N8: =M8/E8 -> 0.0084562792 | O8: Scene+ Offer Only
A9: Scene Acquisition Offer EN | B9: CONNECT | C9: Scene+ Offer Only | D9: 44959 | E9: 49754 | F9: =(E9-G9)/E9 -> 0.99784942 | G9: 107 | H9: 17854 | I9: =H9/E9 -> 0.35884552 | J9: 414 | K9: =J9/E9 -> 0.008320939 | L9: =J9/H9 -> 0.023188081 | M9: 258 | N9: =M9/E9 -> 0.0051855127 | O9: Scene+ Offer Only
A10: Scene Acquisition No Offer FR | B10: CONNECT | C10: Scene+ Offer Only | D10: 44959 | E10: 5547 | F10: =(E10-G10)/E10 -> 0.99801695 | G10: 11 | H10: 1904 | I10: =H10/E10 -> 0.3432486 | J10: 45 | K10: =J10/E10 -> 0.0081124932 | L10: =J10/H10 -> 0.023634454 | M10: 43 | N10: =M10/E10 -> 0.007751938 | O10: Scene+ Offer Only
A11: Scene Acquisition No Offer EN | B11: CONNECT | C11: Scene+ Offer Only | D11: 44959 | E11: 49774 | F11: =(E11-G11)/E11 -> 0.99762928 | G11: 118 | H11: 17936 | I11: =H11/E11 -> 0.36034878 | J11: 350 | K11: =J11/E11 -> 0.0070317837 | L11: =J11/H11 -> 0.019513827 | M11: 261 | N11: =M11/E11 -> 0.0052437015 | O11: Scene+ Offer Only
A12: 1M Point Contest Reminder FR | B12: SCENE | C12: Scene+ Offer Only | D12: 44977 | E12: 118209 | F12: =(E12-G12)/E12 -> 0.99922172 | G12: 92 | H12: 41308 | I12: =H12/E12 -> 0.34944886 | J12: 2918 | K12: =J12/E12 -> 0.024685092 | L12: =J12/H12 -> 0.07064007 | M12: 68 | N12: =M12/E12 -> 0.00057525231 | O12: Scene+ Offer Only
A13: 1M Point Contest Reminder FR | B13: CONNECT | C13: Scene+ Offer Only | D13: 44977 | E13: 221667 | F13: =(E13-G13)/E13 -> 0.99886767 | G13: 251 | H13: 76660 | I13: =H13/E13 -> 0.34583407 | J13: 2848 | K13: =J13/E13 -> 0.012848101 | L13: =J13/H13 -> 0.037151057 | M13: 1182 | N13: =M13/E13 -> 0.0053323228 | O13: Scene+ Offer Only
... A27: Empire Scene Members Day MB SK BC EN | B27: SCENE | C27: Scene+ Offer Only | D27: 45076 | E27: 450862 | F27: =(E27-G27)/E27 -> 0.99622279 | G27: 1703 | H27: 156226 | I27: =H27/E27 -> 0.34650514 | J27: 569 | K27: =J27/E27 -> 0.001262027 | L27: =J27/H27 -> 0.0036421594 | M27: 267 | N27: =M27/E27 -> 0.00059219894 | O27: Scene+ Offer Only
A29: All 2023 Scene + Offer Only | E29: =SUM(E2:E27) -> 17156280 | F29: =(E29-G29)/E29 -> 0.99790065 | G29: =SUM(G2:G27) -> 36017 | H29: =SUM(H2:H27) -> 6620416 | I29: =H29/E29 -> 0.38588878 | J29: =SUM(J2:J27) -> 189101 | K29: =J29/E29 -> 0.011022261 | L29: =J29/H29 -> 0.028563311 | M29: =SUM(M2:M27) -> 29341 | N29: =M29/E29 -> 0.0017102192
M30: =M29/J29 -> 0.15516047
A32: Campaign Monitor 2021 Industry Benchmarks (Media, Entertainment, Publishing) | I32: 0.239 | K32: 0.029 | L32: 0.124 | N32: 0.001

Sheet BM&P
A1: Email Name | B1: Audience | C1: Business Unit | D1: Send Date | E1: Sends | F1: Delivery Rate | G1: Overall Bounces | H1: Unique Opens | I1: Open Rate | J1: Unique Clicks | K1: CTR | L1: CTO | M1: Unsubscribes | N1: Unsubscribe Rate | O1: Reporting
A2: Junxion Launch | C2: BM&P | D2: 44950 | E2: 100 | F2: =(E2-G2)/E2 -> 0.95 | G2: 5 | H2: 29 | I2: =H2/E2 -> 0.29 | J2: 2 | K2: =J2/E2 -> 0.02 | L2: =J2/H2 -> 0.068965517 | M2: 0 | N2: =M2/E2 -> 0 | O2: BM&P
A3: Employee Appreciation Day EN FR | C3: BM&P | D3: 44972 | E3: 7312 | F3: =(E3-G3)/E3 -> 0.96074945 | G3: 287 | H3: 3893 | I3: =H3/E3 -> 0.53241247 | J3: 324 | K3: =J3/E3 -> 0.044310722 | L3: =J3/H3 -> 0.083226304 | M3: 95 | N3: =M3/E3 -> 0.012992341 | O3: BM&P
A4: Employee Appreciation Day FR EN | C4: BM&P | D4: 44972 | E4: 740 | F4: =(E4-G4)/E4 -> 0.96486486 | G4: 26 | H4: 416 | I4: =H4/E4 -> 0.56216216 | J4: 26 | K4: =J4/E4 -> 0.035135135 | L4: =J4/H4 -> 0.0625 | M4: 4 | N4: =M4/E4 -> 0.0054054054 | O4: BM&P
A5: Hybrid Meetings FR EN | C5: BM&P | D5: 44984 | E5: 517 | F5: =(E5-G5)/E5 -> 0.96905222 | G5: 16 | H5: 114 | I5: =H5/E5 -> 0.2205029 | J5: 6 | K5: =J5/E5 -> 0.011605416 | L5: =J5/H5 -> 0.052631579 | M5: 2 | N5: =M5/E5 -> 0.003868472 | O5: BM&P
A6: Hybrid Meetings EN FR | C6: BM&P | D6: 44984 | E6: 3920 | F6: =(E6-G6)/E6 -> 0.95765306 | G6: 166 | H6: 1360 | I6: =H6/E6 -> 0.34693878 | J6: 112 | K6: =J6/E6 -> 0.028571429 | L6: =J6/H6 -> 0.082352941 | M6: 29 | N6: =M6/E6 -> 0.0073979592 | O6: BM&P
A7: School Year End Celebration FR-EN | C7: BM&P | D7: 45015 | E7: 3513 | F7: =(E7-G7)/E7 -> 0.98007401 | G7: 70 | H7: 447 | I7: =H7/E7 -> 0.12724167 | J7: 107 | K7: =J7/E7 -> 0.030458298 | L7: =J7/H7 -> 0.2393736 | M7: 64 | N7: =M7/E7 -> 0.018218047 | O7: BM&P
A8: School Year End Celebration EN-FR | C8: BM&P | D8: 45015 | E8: 14099 | F8: =(E8-G8)/E8 -> 0.96808284 | G8: 450 | H8: 3304 | I8: =H8/E8 -> 0.23434286 | J8: 661 | K8: =J8/E8 -> 0.046882758 | L8: =J8/H8 -> 0.20006053 | M8: 154 | N8: =M8/E8 -> 0.01092276 | O8: BM&P
A9: Pre Paid Products FR | C9: BM&P | D9: 45019 | E9: 26 | F9: =(E9-G9)/E9 -> 0.92307692 | G9: 2 | H9: 8 | I9: =H9/E9 -> 0.30769231 | J9: 1 | K9: =J9/E9 -> 0.038461538 | L9: =J9/H9 -> 0.125 | M9: 0 | N9: =M9/E9 -> 0 | O9: BM&P
A10: Pre Paid Products EN | C10: BM&P | D10: 45019 | E10: 346 | F10: =(E10-G10)/E10 -> 0.97687861 | G10: 8 | H10: 109 | I10: =H10/E10 -> 0.3150289 | J10: 13 | K10: =J10/E10 -> 0.037572254 | L10: =J10/H10 -> 0.11926606 | M10: 0 | N10: =M10/E10 -> 0 | O10: BM&P
A11: EXH Corporate Offer EN FR | C11: BM&P | D11: 45097 | E11: 7347 | F11: =(E11-G11)/E11 -> 0.97849462 | G11: 158 | H11: 2291 | I11: =H11/E11 -> 0.31182796 | J11: 185 | K11: =J11/E11 -> 0.025180346 | L11: =J11/H11 -> 0.080750764 | M11: 65 | N11: =M11/E11 -> 0.0088471485 | O11: BM&P
A12: EXH Corporate Offer FR EN | C12: BM&P | D12: 45097 | E12: 830 | F12: =(E12-G12)/E12 -> 0.99036145 | G12: 8 | H12: 196 | I12: =H12/E12 -> 0.23614458 | J12: 9 | K12: =J12/E12 -> 0.010843373 | L12: =J12/H12 -> 0.045918367 | M12: 4 | N12: =M12/E12 -> 0.0048192771 | O12: BM&P
A14: All 2023 BM&P | E14: =SUM(E2:E12) -> 38750 | F14: =(E14-G14)/E14 -> 0.96913548 | G14: =SUM(G2:G12) -> 1196 | H14: =SUM(H2:H12) -> 12167 | I14: =H14/E14 -> 0.3139871 | J14: =SUM(J2:J12) -> 1446 | K14: =J14/E14 -> 0.037316129 | L14: =J14/H14 -> 0.11884606 | M14: =SUM(M2:M12) -> 417 | N14: =M14/E14 -> 0.01076129
M15: =M14/J14 -> 0.28838174
A17: Campaign Monitor 2021 Industry Benchmarks (Media, Entertainment, Publishing) | I17: 0.239 | K17: 0.029 | L17: 0.124 | N17: 0.001

Sheet Other
A1: Email Name | B1: Audience | C1: Business Unit | D1: Send Date | E1: Sends | F1: Delivery Rate | G1: Overall Bounces | H1: Unique Opens | I1: Open Rate | J1: Unique Clicks | K1: CTR | L1: CTO | M1: Unsubscribes | N1: Unsubscribe Rate | O1: Reporting
A2: Cast Pass | C2: Other | D2: 44930 | E2: 321 | F2: =(E2-G2)/E2 -> 1 | G2: 0 | H2: 108 | I2: =H2/E2 -> 0.3364486 | J2: 4 | K2: =J2/E2 -> 0.012461059 | L2: =J2/H2 -> 0.037037037 | M2: 0 | N2: =M2/E2 -> 0 | O2: Other
A3: Employee Pincode | C3: Other | D3: 44931 | E3: 1678 | F3: =(E3-G3)/E3 -> 0.9988081 | G3: 2 | H3: 591 | I3: =H3/E3 -> 0.35220501 | J3: 23 | K3: =J3/E3 -> 0.013706794 | L3: =J3/H3 -> 0.03891709 | M3: 0 | N3: =M3/E3 -> 0 | O3: Other
A4: Employee Pincode | C4: Other | D4: 44938 | E4: 1672 | F4: =(E4-G4)/E4 -> 1 | G4: 0 | H4: 601 | I4: =H4/E4 -> 0.35944976 | J4: 18 | K4: =J4/E4 -> 0.01076555 | L4: =J4/H4 -> 0.029950083 | M4: 0 | N4: =M4/E4 -> 0 | O4: Other
A5: Cast Pass | C5: Other | D5: 44944 | E5: 315 | F5: =(E5-G5)/E5 -> 1 | G5: 0 | H5: 82 | I5: =H5/E5 -> 0.26031746 | J5: 7 | K5: =J5/E5 -> 0.022222222 | L5: =J5/H5 -> 0.085365854 | M5: 0 | N5: =M5/E5 -> 0 | O5: Other
A6: Employee Pincode | C6: Other | D6: 44945 | E6: 1675 | F6: =(E6-G6)/E6 -> 0.99880597 | G6: 2 | H6: 575 | I6: =H6/E6 -> 0.34328358 | J6: 20 | K6: =J6/E6 -> 0.011940299 | L6: =J6/H6 -> 0.034782609 | M6: 0 | N6: =M6/E6 -> 0 | O6: Other
A7: Employee Pincode | C7: Other | D7: 44952 | E7: 1672 | F7: =(E7-G7)/E7 -> 0.99880383 | G7: 2 | H7: 585 | I7: =H7/E7 -> 0.34988038 | J7: 20 | K7: =J7/E7 -> 0.011961722 | L7: =J7/H7 -> 0.034188034 | M7: 1 | N7: =M7/E7 -> 0.00059808612 | O7: Other
A8: Cast Pass | C8: Other | D8: 44958 | E8: 314 | F8: =(E8-G8)/E8 -> 1 | G8: 0 | H8: 85 | I8: =H8/E8 -> 0.27070064 | J8: 7 | K8: =J8/E8 -> 0.022292994 | L8: =J8/H8 -> 0.082352941 | M8: 0 | N8: =M8/E8 -> 0 | O8: Other
A9: Employee Pincode | C9: Other | D9: 44959 | E9: 1670 | F9: =(E9-G9)/E9 -> 0.9994012 | G9: 1 | H9: 584 | I9: =H9/E9 -> 0.3497006 | J9: 18 | K9: =J9/E9 -> 0.010778443 | L9: =J9/H9 -> 0.030821918 | M9: 0 | N9: =M9/E9 -> 0 | O9: Other
A10: Employee Pincode | C10: Other | D10: 44966 | E10: 1671 | F10: =(E10-G10)/E10 -> 0.99940156 | G10: 1 | H10: 666 | I10: =H10/E10 -> 0.39856373 | J10: 21 | K10: =J10/E10 -> 0.012567325 | L10: =J10/H10 -> 0.031531532 | M10: 0 | N10: =M10/E10 -> 0 | O10: Other
A11: Cast Pass | C11: Other | D11: 44972 | E11: 310 | F11: =(E11-G11)/E11 -> 1 | G11: 0 | H11: 97 | I11: =H11/E11 -> 0.31290323 | J11: 4 | K11: =J11/E11 -> 0.012903226 | L11: =J11/H11 -> 0.041237113 | M11: 0 | N11: =M11/E11 -> 0 | O11: Other
A12: Employee Pincode | C12: Other | D12: 44973 | E12: 1648 | F12: =(E12-G12)/E12 -> 1 | G12: 0 | H12: 591 | I12: =H12/E12 -> 0.3586165 | J12: 17 | K12: =J12/E12 -> 0.010315534 | L12: =J12/H12 -> 0.028764805 | M12: 0 | N12: =M12/E12 -> 0 | O12: Other
A13: Employee Pincode | C13: Other | D13: 44980 | E13: 1642 | F13: =(E13-G13)/E13 -> 1 | G13: 0 | H13: 624 | I13: =H13/E13 -> 0.38002436 | J13: 16 | K13: =J13/E13 -> 0.0097442144 | L13: =J13/H13 -> 0.025641026 | M13: 1 | N13: =M13/E13 -> 0.0006090134 | O13: Other
... A38: Employee Pincode | C38: Other | D38: 45099 | E38: 1641 | F38: =(E38-G38)/E38 -> 1 | G38: 0 | H38: 595 | I38: =H38/E38 -> 0.36258379 | J38: 22 | K38: =J38/E38 -> 0.013406459 | L38: =J38/H38 -> 0.03697479 | M38: 0 | N38: =M38/E38 -> 0 | O38: Other
A40: All 2023 Other | E40: =SUM(E2:E38) -> 44717 | F40: =(E40-G40)/E40 -> 0.99874768 | G40: =SUM(G2:G38) -> 56 | H40: =SUM(H2:H38) -> 15728 | I40: =H40/E40 -> 0.35172306 | J40: =SUM(J2:J38) -> 507 | K40: =J40/E40 -> 0.01133797 | L40: =J40/H40 -> 0.032235504 | M40: =SUM(M2:M38) -> 4 | N40: =M40/E40 -> 8.9451439e-05
M41: =M40/J40 -> 0.0078895464
A43: Campaign Monitor 2021 Industry Benchmarks (Media, Entertainment, Publishing) | I43: 0.239 | K43: 0.029 | L43: 0.124 | N43: 0.001

Sheet LBE
A1: Email Name | B1: Audience | C1: Business Unit | D1: Send Date | E1: Sends | F1: Delivery Rate | G1: Overall Bounces | H1: Unique Opens | I1: Open Rate | J1: Unique Clicks | K1: CTR | L1: CTO | M1: Unsubscribes | N1: Unsubscribe Rate | O1: Reporting
A2: PDM Promo Gaming Offer Dartmouth | B2: SCENE | C2: LBE | D2: 44928 | E2: 13198 | F2: =(E2-G2)/E2 -> 0.99712078 | G2: 38 | H2: 5485 | I2: =H2/E2 -> 0.41559327 | J2: 299 | K2: =J2/E2 -> 0.022654948 | L2: =J2/H2 -> 0.054512306 | M2: 90 | N2: =M2/E2 -> 0.006819215 | O2: LBE
A3: PDM Promo Gaming Offer Brampton | B3: SCENE | C3: LBE | D3: 44928 | E3: 12645 | F3: =(E3-G3)/E3 -> 0.99596679 | G3: 51 | H3: 5245 | I3: =H3/E3 -> 0.41478845 | J3: 196 | K3: =J3/E3 -> 0.015500198 | L3: =J3/H3 -> 0.037368923 | M3: 64 | N3: =M3/E3 -> 0.005061289 | O3: LBE
A4: PDM Promo Gaming Offer Whitby | B4: SCENE | C4: LBE | D4: 44928 | E4: 11705 | F4: =(E4-G4)/E4 -> 0.99589919 | G4: 48 | H4: 4726 | I4: =H4/E4 -> 0.40375908 | J4: 265 | K4: =J4/E4 -> 0.022639897 | L4: =J4/H4 -> 0.056072789 | M4: 81 | N4: =M4/E4 -> 0.0069201196 | O4: LBE
A5: Superbowl Party | B5: SCENE | C5: LBE | D5: 44952 | E5: 242854 | F5: =(E5-G5)/E5 -> 0.99771468 | G5: 555 | H5: 91924 | I5: =H5/E5 -> 0.37851549 | J5: 0 | K5: =J5/E5 -> 0 | L5: =J5/H5 -> 0 | M5: 200 | N5: =M5/E5 -> 0.00082354007 | O5: LBE
A6: Half Off Gameplay Dartmouth | B6: SCENE | C6: LBE | D6: 44958 | E6: 12388 | F6: =(E6-G6)/E6 -> 0.99846626 | G6: 19 | H6: 5083 | I6: =H6/E6 -> 0.41031644 | J6: 242 | K6: =J6/E6 -> 0.019535034 | L6: =J6/H6 -> 0.047609679 | M6: 40 | N6: =M6/E6 -> 0.0032289312 | O6: LBE
A7: Half Off Gameplay Brampton EN | B7: SCENE | C7: LBE | D7: 44958 | E7: 11340 | F7: =(E7-G7)/E7 -> 0.99664903 | G7: 38 | H7: 4543 | I7: =H7/E7 -> 0.40061728 | J7: 127 | K7: =J7/E7 -> 0.011199295 | L7: =J7/H7 -> 0.027955096 | M7: 34 | N7: =M7/E7 -> 0.0029982363 | O7: LBE
A8: Half Off Gameplay Whitby EN | B8: SCENE | C8: LBE | D8: 44958 | E8: 10568 | F8: =(E8-G8)/E8 -> 0.99678274 | G8: 34 | H8: 4086 | I8: =H8/E8 -> 0.38663891 | J8: 217 | K8: =J8/E8 -> 0.020533687 | L8: =J8/H8 -> 0.053108174 | M8: 59 | N8: =M8/E8 -> 0.0055828917 | O8: LBE
A9: Half Off Gameplay TRR | B9: SCENE | C9: LBE | D9: 44958 | E9: 270045 | F9: =(E9-G9)/E9 -> 0.99742265 | G9: 696 | H9: 89399 | I9: =H9/E9 -> 0.33105223 | J9: 2571 | K9: =J9/E9 -> 0.0095206354 | L9: =J9/H9 -> 0.028758711 | M9: 1879 | N9: =M9/E9 -> 0.0069580996 | O9: LBE
A10: Superbowl Party Reminder EN | B10: SCENE | C10: LBE | D10: 44961 | E10: 241865 | F10: =(E10-G10)/E10 -> 0.99813946 | G10: 450 | H10: 96768 | I10: =H10/E10 -> 0.40009096 | J10: 2277 | K10: =J10/E10 -> 0.0094143427 | L10: =J10/H10 -> 0.023530506 | M10: 1993 | N10: =M10/E10 -> 0.008240134 | O10: LBE
A11: Superbowl Party Final Reminder | B11: SCENE | C11: LBE | D11: 44966 | E11: 212563 | F11: =(E11-G11)/E11 -> 0.99807586 | G11: 409 | H11: 79584 | I11: =H11/E11 -> 0.37440194 | J11: 2121 | K11: =J11/E11 -> 0.0099782182 | L11: =J11/H11 -> 0.026651086 | M11: 2066 | N11: =M11/E11 -> 0.0097194714 | O11: LBE
A12: Half Off Gameplay Reminder Brampton PDM | B12: SCENE | C12: LBE | D12: 44970 | E12: 11368 | F12: =(E12-G12)/E12 -> 0.99736101 | G12: 30 | H12: 4345 | I12: =H12/E12 -> 0.38221323 | J12: 89 | K12: =J12/E12 -> 0.0078289937 | L12: =J12/H12 -> 0.020483314 | M12: 7 | N12: =M12/E12 -> 0.00061576355 | O12: LBE
A13: Half Off Gameplay Reminder Whitby PDM | B13: SCENE | C13: LBE | D13: 44970 | E13: 10547 | F13: =(E13-G13)/E13 -> 0.99706078 | G13: 31 | H13: 3769 | I13: =H13/E13 -> 0.3573528 | J13: 120 | K13: =J13/E13 -> 0.011377643 | L13: =J13/H13 -> 0.031838684 | M13: 12 | N13: =M13/E13 -> 0.0011377643 | O13: LBE
... A43: Mothers Day Drag Brunch Reminder | B43: SCENE | C43: LBE | D43: 45052 | E43: 161590 | F43: =(E43-G43)/E43 -> 0.994616 | G43: 870 | H43: 57413 | I43: =H43/E43 -> 0.35530045 | J43: 1096 | K43: =J43/E43 -> 0.0067825979 | L43: =J43/H43 -> 0.019089753 | M43: 784 | N43: =M43/E43 -> 0.0048517854 | O43: LBE
A46: All 2023 LBE | E46: =SUM(E2:E43) -> 4163403 | F46: =(E46-G46)/E46 -> 0.99766081 | G46: =SUM(G2:G43) -> 9739 | H46: =SUM(H2:H43) -> 1540288 | I46: =H46/E46 -> 0.3699589 | J46: =SUM(J2:J43) -> 36743 | K46: =J46/E46 -> 0.0088252326 | L46: =J46/H46 -> 0.02385463 | M46: =SUM(M2:M43) -> 22560 | N46: =M46/E46 -> 0.0054186443
M47: =M46/J46 -> 0.6139945
A49: Campaign Monitor 2021 Industry Benchmarks (Media, Entertainment, Publishing) | I49: 0.239 | K49: 0.029 | L49: 0.124 | N49: 0.001

Sheet CineClub
A1: Email Name | B1: Audience | C1: Business Unit | D1: Send Date | E1: Sends | F1: Delivery Rate | G1: Overall Bounces | H1: Unique Opens | I1: Open Rate | J1: Unique Clicks | K1: CTR | L1: CTO | M1: Unsubscribes | N1: Unsubscribe Rate | O1: Reporting
A2: CineClub Early Access Air EN | B2: SCENE | C2: CineClub | D2: 45009 | E2: 33786 | F2: =(E2-G2)/E2 -> 0.99813532 | G2: 63 | H2: 18749 | I2: =H2/E2 -> 0.554934 | J2: 1036 | K2: =J2/E2 -> 0.030663588 | L2: =J2/H2 -> 0.05525628 | M2: 13 | N2: =M2/E2 -> 0.00038477476 | O2: CineClub
A3: CineClub Early Access Air EN | B3: CONNECT | C3: CineClub | D3: 45009 | E3: 7716 | F3: =(E3-G3)/E3 -> 0.99805599 | G3: 15 | H3: 3986 | I3: =H3/E3 -> 0.51658891 | J3: 244 | K3: =J3/E3 -> 0.031622602 | L3: =J3/H3 -> 0.06121425 | M3: 9 | N3: =M3/E3 -> 0.0011664075 | O3: CineClub
A4: Early Access Air2 EN | B4: SCENE | C4: CineClub | D4: 45012 | E4: 20759 | F4: =(E4-G4)/E4 -> 0.99841033 | G4: 33 | H4: 11538 | I4: =H4/E4 -> 0.55580712 | J4: 392 | K4: =J4/E4 -> 0.018883376 | L4: =J4/H4 -> 0.033974692 | M4: 8 | N4: =M4/E4 -> 0.00038537502 | O4: CineClub
A5: Early Access Air2 EN | B5: CONNECT | C5: CineClub | D5: 45012 | E5: 4891 | F5: =(E5-G5)/E5 -> 0.99693314 | G5: 15 | H5: 2550 | I5: =H5/E5 -> 0.52136577 | J5: 105 | K5: =J5/E5 -> 0.021468002 | L5: =J5/H5 -> 0.041176471 | M5: 7 | N5: =M5/E5 -> 0.0014312002 | O5: CineClub
A6: Sneak Preview Are You There God EN | B6: SCENE & CONNECT | C6: CineClub | D6: 45028 | E6: 31437 | F6: =(E6-G6)/E6 -> 0.9960556 | G6: 124 | H6: 14920 | I6: =H6/E6 -> 0.47459999 | J6: 779 | K6: =J6/E6 -> 0.024779718 | L6: =J6/H6 -> 0.052211796 | M6: 13 | N6: =M6/E6 -> 0.00041352546 | O6: CineClub
A7: Early Screen Citadel EN | B7: SCENE | C7: CineClub | D7: 45034 | E7: 17656 | F7: =(E7-G7)/E7 -> 0.99637517 | G7: 64 | H7: 9469 | I7: =H7/E7 -> 0.53630494 | J7: 683 | K7: =J7/E7 -> 0.038683734 | L7: =J7/H7 -> 0.072130109 | M7: 8 | N7: =M7/E7 -> 0.00045310376 | O7: CineClub
A8: Early Screen Citadel EN | B8: CONNECT | C8: CineClub | D8: 45034 | E8: 4667 | F8: =(E8-G8)/E8 -> 0.99678594 | G8: 15 | H8: 2719 | I8: =H8/E8 -> 0.58260124 | J8: 207 | K8: =J8/E8 -> 0.044353975 | L8: =J8/H8 -> 0.07613093 | M8: 3 | N8: =M8/E8 -> 0.00064281123 | O8: CineClub
A9: Mothers Day Gifting EN | B9: CONNECT | C9: CineClub | D9: 45057 | E9: 15504 | F9: =(E9-G9)/E9 -> 0.99696852 | G9: 47 | H9: 7033 | I9: =H9/E9 -> 0.45362487 | J9: 114 | K9: =J9/E9 -> 0.0073529412 | L9: =J9/H9 -> 0.016209299 | M9: 18 | N9: =M9/E9 -> 0.0011609907 | O9: CineClub
A10: Mothers Day Gifting EN | B10: SCENE | C10: CineClub | D10: 45057 | E10: 79468 | F10: =(E10-G10)/E10 -> 0.99656465 | G10: 273 | H10: 31746 | I10: =H10/E10 -> 0.39948155 | J10: 456 | K10: =J10/E10 -> 0.0057381588 | L10: =J10/H10 -> 0.014364014 | M10: 33 | N10: =M10/E10 -> 0.00041526149 | O10: CineClub
A11: Mothers Day Gifting FR | B11: CONNECT | C11: CineClub | D11: 45057 | E11: 1985 | F11: =(E11-G11)/E11 -> 0.99546599 | G11: 9 | H11: 716 | I11: =H11/E11 -> 0.36070529 | J11: 18 | K11: =J11/E11 -> 0.0090680101 | L11: =J11/H11 -> 0.025139665 | M11: 3 | N11: =M11/E11 -> 0.001511335 | O11: CineClub
A12: Mothers Day Gifting FR | B12: SCENE | C12: CineClub | D12: 45057 | E12: 2815 | F12: =(E12-G12)/E12 -> 0.99502664 | G12: 14 | H12: 1106 | I12: =H12/E12 -> 0.3928952 | J12: 24 | K12: =J12/E12 -> 0.0085257549 | L12: =J12/H12 -> 0.021699819 | M12: 0 | N12: =M12/E12 -> 0 | O12: CineClub
A13: Apology FR | B13: SCENE | C13: CineClub | D13: 45062 | E13: 2430 | F13: =(E13-G13)/E13 -> 0.99506173 | G13: 12 | H13: 1480 | I13: =H13/E13 -> 0.6090535 | J13: 14 | K13: =J13/E13 -> 0.0057613169 | L13: =J13/H13 -> 0.0094594595 | M13: 0 | N13: =M13/E13 -> 0 | O13: CineClub
... A24: Annual Membership Upgrade 2000 Points FR | B24: SCENE | C24: CineClub | D24: 45099 | E24: 856 | F24: =(E24-G24)/E24 -> 0.99883178 | G24: 1 | H24: 380 | I24: =H24/E24 -> 0.44392523 | J24: 47 | K24: =J24/E24 -> 0.054906542 | L24: =J24/H24 -> 0.12368421 | M24: 0 | N24: =M24/E24 -> 0 | O24: CineClub
A26: All 2023 CineCLub | E26: =SUM(E2:E24) -> 481973 | F26: =(E26-G26)/E26 -> 0.99725088 | G26: =SUM(G2:G24) -> 1325 | H26: =SUM(H2:H24) -> 231718 | I26: =H26/E26 -> 0.48076967 | J26: =SUM(J2:J24) -> 10007 | K26: =J26/E26 -> 0.020762574 | L26: =J26/H26 -> 0.043186114 | M26: =SUM(M2:M24) -> 217 | N26: =M26/E26 -> 0.00045023269
A28: Campaign Monitor 2021 Industry Benchmarks (Media, Entertainment, Publishing) | I28: 0.239 | K28: 0.029 | L28: 0.124 | N28: 0.001

Sheet Survey
A1: Email Name | B1: Audience | C1: Business Unit | D1: Send Date | E1: Sends | F1: Delivery Rate | G1: Overall Bounces | H1: Unique Opens | I1: Open Rate | J1: Unique Clicks | K1: CTR | L1: CTO | M1: Unsubscribes | N1: Unsubscribe Rate | O1: Reporting
A2: Film Anticipation FR | B2: SCENE | C2: TARA | D2: 44931 | E2: 9491 | F2: =(E2-G2)/E2 -> 0.98672427 | G2: 126 | H2: 2942 | I2: =H2/E2 -> 0.30997787 | J2: 391 | K2: =J2/E2 -> 0.041196923 | L2: =J2/H2 -> 0.13290279 | M2: 17 | N2: =M2/E2 -> 0.0017911706 | O2: Survey
A3: Film Anticipation EN | B3: SCENE | C3: TARA | D3: 44931 | E3: 85400 | F3: =(E3-G3)/E3 -> 0.97702576 | G3: 1962 | H3: 30869 | I3: =H3/E3 -> 0.3614637 | J3: 3607 | K3: =J3/E3 -> 0.042236534 | L3: =J3/H3 -> 0.11684862 | M3: 336 | N3: =M3/E3 -> 0.0039344262 | O3: Survey
A4: Film Anticipation FR | B4: SCENE | C4: TARA | D4: 44958 | E4: 9437 | F4: =(E4-G4)/E4 -> 0.9866483 | G4: 126 | H4: 2962 | I4: =H4/E4 -> 0.31387093 | J4: 321 | K4: =J4/E4 -> 0.034015047 | L4: =J4/H4 -> 0.10837272 | M4: 25 | N4: =M4/E4 -> 0.002649147 | O4: Survey
A5: Film Anticipation EN | B5: SCENE | C5: TARA | D5: 44958 | E5: 85387 | F5: =(E5-G5)/E5 -> 0.97784206 | G5: 1892 | H5: 32168 | I5: =H5/E5 -> 0.37673182 | J5: 3462 | K5: =J5/E5 -> 0.040544814 | L5: =J5/H5 -> 0.10762248 | M5: 337 | N5: =M5/E5 -> 0.0039467366 | O5: Survey
A6: Anticipated Behaviour FR | B6: SCENE | C6: TARA | D6: 44961 | E6: 15076 | F6: =(E6-G6)/E6 -> 0.99920403 | G6: 12 | H6: 5056 | I6: =H6/E6 -> 0.33536747 | J6: 763 | K6: =J6/E6 -> 0.050610241 | L6: =J6/H6 -> 0.15090981 | M6: 4 | N6: =M6/E6 -> 0.00026532237 | O6: Survey
A7: Anticipated Behaviour EN | B7: SCENE | C7: TARA | D7: 44961 | E7: 45726 | F7: =(E7-G7)/E7 -> 0.99849101 | G7: 69 | H7: 17175 | I7: =H7/E7 -> 0.37560688 | J7: 2116 | K7: =J7/E7 -> 0.046275642 | L7: =J7/H7 -> 0.12320233 | M7: 19 | N7: =M7/E7 -> 0.00041551852 | O7: Survey
A8: CineClub Qualitative Research EN | B8: SCENE | C8: TARA | D8: 44982 | E8: 7896 | F8: =(E8-G8)/E8 -> 0.99911348 | G8: 7 | H8: 3940 | I8: =H8/E8 -> 0.49898683 | J8: 634 | K8: =J8/E8 -> 0.08029382 | L8: =J8/H8 -> 0.16091371 | M8: 6 | N8: =M8/E8 -> 0.00075987842 | O8: Survey
A9: Film Anticipation FR | B9: SCENE | C9: TARA | D9: 44986 | E9: 9414 | F9: =(E9-G9)/E9 -> 0.98619078 | G9: 130 | H9: 3118 | I9: =H9/E9 -> 0.33120884 | J9: 369 | K9: =J9/E9 -> 0.039196941 | L9: =J9/H9 -> 0.11834509 | M9: 43 | N9: =M9/E9 -> 0.0045676652 | O9: Survey
A10: Film Anticipation EN | B10: SCENE | C10: TARA | D10: 44986 | E10: 85274 | F10: =(E10-G10)/E10 -> 0.97782442 | G10: 1891 | H10: 35103 | I10: =H10/E10 -> 0.41164951 | J10: 3536 | K10: =J10/E10 -> 0.041466332 | L10: =J10/H10 -> 0.10073213 | M10: 325 | N10: =M10/E10 -> 0.0038112438 | O10: Survey
A11: Cine Club Members | B11: SCENE | C11: TARA | D11: 44989 | E11: 5810 | F11: =(E11-G11)/E11 -> 0.99931153 | G11: 4 | H11: 3537 | I11: =H11/E11 -> 0.60877797 | J11: 1356 | K11: =J11/E11 -> 0.23339071 | L11: =J11/H11 -> 0.38337574 | M11: 1 | N11: =M11/E11 -> 0.00017211704 | O11: Survey
A12: Event Cinema Research FR | B12: SCENE | C12: TARA | D12: 44996 | E12: 160 | F12: =(E12-G12)/E12 -> 1 | G12: 0 | H12: 63 | I12: =H12/E12 -> 0.39375 | J12: 16 | K12: =J12/E12 -> 0.1 | L12: =J12/H12 -> 0.25396825 | M12: 0 | N12: =M12/E12 -> 0 | O12: Survey
A13: Event Cinema Research EN | B13: SCENE | C13: TARA | D13: 44996 | E13: 4319 | F13: =(E13-G13)/E13 -> 0.99768465 | G13: 10 | H13: 1969 | I13: =H13/E13 -> 0.45589257 | J13: 538 | K13: =J13/E13 -> 0.12456587 | L13: =J13/H13 -> 0.27323514 | M13: 4 | N13: =M13/E13 -> 0.00092614031 | O13: Survey
... A31: Menu Boards EN | B31: SCENE | C31: TARA | D31: 45101 | E31: 20681 | F31: =(E31-G31)/E31 -> 0.99734055 | G31: 55 | H31: 9552 | I31: =H31/E31 -> 0.46187322 | J31: 1704 | K31: =J31/E31 -> 0.082394468 | L31: =J31/H31 -> 0.17839196 | M31: 17 | N31: =M31/E31 -> 0.00082201054 | O31: Survey
A33: All 2023 Survey | E33: =SUM(E2:E31) -> 1004854 | F33: =(E33-G33)/E33 -> 0.98545261 | G33: =SUM(G2:G31) -> 14618 | H33: =SUM(H2:H31) -> 414928 | I33: =H33/E33 -> 0.41292367 | J33: =SUM(J2:J31) -> 49259 | K33: =J33/E33 -> 0.049021052 | L33: =J33/H33 -> 0.11871698 | M33: =SUM(M2:M31) -> 2419 | N33: =M33/E33 -> 0.0024073149
A36: Campaign Monitor 2021 Industry Benchmarks (Media, Entertainment, Publishing) | I36: 0.239 | K36: 0.029 | L36: 0.124 | N36: 0.001

Sheet Revenue
B2: Weekly Revenue | J2: Campaign Revenue (from Jan 2, 2023)
D3: Adobe Analytics Instance | Q3: Orders/Visits
B4: Week | C4: Date | D4: Cineplex dot com Sales | E4: Store Web, Mobile Web, SmartTV - Prod Sales | F4: Total | G4: Email Sends | J4: Business Unit | K4: Email Name | L4: SFMC Name | M4: Deployment Date | N4: Visits | O4: Orders | P4: Revenue | Q4: Conversion Rate | R4: Notes | T4: Notes:
B5: W1 | C5: 44928 | D5: 29056.57 | E5: 1805.62 | F5: =D5+E5 -> 30862.19 | G5: 5901273 | J5: =IF(ISNUMBER(SEARCH("_LBE_",Table2[[#This Row],[SFMC Name]])),"LBE", IF(ISNUMBER(SEARCH("_THEA_",Table2[[#This Row],[SFMC Name]])),"THEA", IF(ISNUMBER(SEARCH("_STORE_",Table2[[#This Row],[SFMC Name]])),"STORE", IF(ISNUMBER(SEARCH("_CLUB_",Table2[[#This Row],[SFMC Name]])),"CINECLUB", IF(ISNUMBER(SEARCH("_CINECLUB_",Table2[[#This Row],[SFMC Name]])),"CINECLUB", IF(ISNUMBER(SEARCH("_OTHER_",Table2[[#This Row],[SFMC Name]])),"OTHER", IF(ISNUMBER(SEARCH("_BMP_",Table2[[#This Row],[SFMC Name]])),"BMP","***CHECK***"))))))) -> LBE | K5: =_xlfn.TEXTAFTER(Table2[[#This Row],[SFMC Name]],"_",4) -> PDMPromoGamingOffer | L5: CPX_20230102_LBE_CM00552_PDMPromoGamingOffer | M5: 44928 | N5: 3103 | O5: 0 | P5: 0 | Q5: =Table2[[#This Row],[Orders]]/Table2[[#This Row],[Visits]] -> 0 | T5: LBE: Sales data is not available in Adobe Analytics; Visits will be shown
B6: W2 | C6: 44935 | D6: 25983.8 | E6: 1506.02 | F6: =D6+E6 -> 27489.82 | G6: 10498117 | J6: =IF(ISNUMBER(SEARCH("_LBE_",Table2[[#This Row],[SFMC Name]])),"LBE", IF(ISNUMBER(SEARCH("_THEA_",Table2[[#This Row],[SFMC Name]])),"THEA", IF(ISNUMBER(SEARCH("_STORE_",Table2[[#This Row],[SFMC Name]])),"STORE", IF(ISNUMBER(SEARCH("_CLUB_",Table2[[#This Row],[SFMC Name]])),"CINECLUB", IF(ISNUMBER(SEARCH("_CINECLUB_",Table2[[#This Row],[SFMC Name]])),"CINECLUB", IF(ISNUMBER(SEARCH("_OTHER_",Table2[[#This Row],[SFMC Name]])),"OTHER", IF(ISNUMBER(SEARCH("_BMP_",Table2[[#This Row],[SFMC Name]])),"BMP","***CHECK***"))))))) -> THEA | K6: =_xlfn.TEXTAFTER(Table2[[#This Row],[SFMC Name]],"_",4) -> TuesdayDeals | L6: CPX_20230103_THEA_CM00553_TuesdayDeals | M6: 44929 | N6: 3825 | O6: 87 | P6: 2434.53 | Q6: =Table2[[#This Row],[Orders]]/Table2[[#This Row],[Visits]] -> 0.022745098 | T6: THEA: Cineplex dot com Sales
B7: W3 | C7: 44942 | D7: 143839.67 | E7: 1060.68 | F7: =D7+E7 -> 144900.35 | G7: 14749691 | J7: =IF(ISNUMBER(SEARCH("_LBE_",Table2[[#This Row],[SFMC Name]])),"LBE", IF(ISNUMBER(SEARCH("_THEA_",Table2[[#This Row],[SFMC Name]])),"THEA", IF(ISNUMBER(SEARCH("_STORE_",Table2[[#This Row],[SFMC Name]])),"STORE", IF(ISNUMBER(SEARCH("_CLUB_",Table2[[#This Row],[SFMC Name]])),"CINECLUB", IF(ISNUMBER(SEARCH("_CINECLUB_",Table2[[#This Row],[SFMC Name]])),"CINECLUB", IF(ISNUMBER(SEARCH("_OTHER_",Table2[[#This Row],[SFMC Name]])),"OTHER", IF(ISNUMBER(SEARCH("_BMP_",Table2[[#This Row],[SFMC Name]])),"BMP","***CHECK***"))))))) -> THEA | K7: =_xlfn.TEXTAFTER(Table2[[#This Row],[SFMC Name]],"_",4) -> EdmontonClosure | L7: CPX_20230106_THEA_CM00557_EdmontonClosure | M7: 44932 | N7: 41 | O7: 0 | P7: 0 | Q7: =Table2[[#This Row],[Orders]]/Table2[[#This Row],[Visits]] -> 0 | T7: STORE: Store Web, Mobile Web, SmartTV - Prod Sales
B8: W4 | C8: 44949 | D8: 32805.3 | E8: 1618.75 | F8: =D8+E8 -> 34424.05 | G8: 11960843 | J8: =IF(ISNUMBER(SEARCH("_LBE_",Table2[[#This Row],[SFMC Name]])),"LBE", IF(ISNUMBER(SEARCH("_THEA_",Table2[[#This Row],[SFMC Name]])),"THEA", IF(ISNUMBER(SEARCH("_STORE_",Table2[[#This Row],[SFMC Name]])),"STORE", IF(ISNUMBER(SEARCH("_CLUB_",Table2[[#This Row],[SFMC Name]])),"CINECLUB", IF(ISNUMBER(SEARCH("_CINECLUB_",Table2[[#This Row],[SFMC Name]])),"CINECLUB", IF(ISNUMBER(SEARCH("_OTHER_",Table2[[#This Row],[SFMC Name]])),"OTHER", IF(ISNUMBER(SEARCH("_BMP_",Table2[[#This Row],[SFMC Name]])),"BMP","***CHECK***"))))))) -> STORE | K8: =_xlfn.TEXTAFTER(Table2[[#This Row],[SFMC Name]],"_",4) -> StoreNewsletterEN | L8: CPX_20230106_STORE_CM00559_StoreNewsletterEN | M8: 44932 | N8: 5823 | O8: 103 | P8: 1577 | Q8: =Table2[[#This Row],[Orders]]/Table2[[#This Row],[Visits]] -> 0.017688477
B9: W5 | C9: 44956 | D9: 23739.77 | E9: 947.84 | F9: =D9+E9 -> 24687.61 | G9: 11983400 | J9: =IF(ISNUMBER(SEARCH("_LBE_",Table2[[#This Row],[SFMC Name]])),"LBE", IF(ISNUMBER(SEARCH("_THEA_",Table2[[#This Row],[SFMC Name]])),"THEA", IF(ISNUMBER(SEARCH("_STORE_",Table2[[#This Row],[SFMC Name]])),"STORE", IF(ISNUMBER(SEARCH("_CLUB_",Table2[[#This Row],[SFMC Name]])),"CINECLUB", IF(ISNUMBER(SEARCH("_CINECLUB_",Table2[[#This Row],[SFMC Name]])),"CINECLUB", IF(ISNUMBER(SEARCH("_OTHER_",Table2[[#This Row],[SFMC Name]])),"OTHER", IF(ISNUMBER(SEARCH("_BMP_",Table2[[#This Row],[SFMC Name]])),"BMP","***CHECK***"))))))) -> THEA | K9: =_xlfn.TEXTAFTER(Table2[[#This Row],[SFMC Name]],"_",4) -> CatalogueTitles | L9: CPX_20230106_THEA_CM00558_CatalogueTitles | M9: 44932 | N9: 28484 | O9: 369 | P9: 13190 | Q9: =Table2[[#This Row],[Orders]]/Table2[[#This Row],[Visits]] -> 0.012954641
B10: W6 | C10: 44963 | D10: 31597.22 | E10: 1096.95 | F10: =D10+E10 -> 32694.17 | G10: 16809857 | J10: =IF(ISNUMBER(SEARCH("_LBE_",Table2[[#This Row],[SFMC Name]])),"LBE", IF(ISNUMBER(SEARCH("_THEA_",Table2[[#This Row],[SFMC Name]])),"THEA", IF(ISNUMBER(SEARCH("_STORE_",Table2[[#This Row],[SFMC Name]])),"STORE", IF(ISNUMBER(SEARCH("_CLUB_",Table2[[#This Row],[SFMC Name]])),"CINECLUB", IF(ISNUMBER(SEARCH("_CINECLUB_",Table2[[#This Row],[SFMC Name]])),"CINECLUB", IF(ISNUMBER(SEARCH("_OTHER_",Table2[[#This Row],[SFMC Name]])),"OTHER", IF(ISNUMBER(SEARCH("_BMP_",Table2[[#This Row],[SFMC Name]])),"BMP","***CHECK***"))))))) -> STORE | K10: =_xlfn.TEXTAFTER(Table2[[#This Row],[SFMC Name]],"_",4) -> StoreNewsletterFR | L10: CPX_20230107_STORE_CM00560_StoreNewsletterFR | M10: 44933 | N10: 197 | O10: 4 | P10: 71 | Q10: =Table2[[#This Row],[Orders]]/Table2[[#This Row],[Visits]] -> 0.020304569
B11: W7 | C11: 44970 | D11: 29236.11 | E11: 2293.58 | F11: =D11+E11 -> 31529.69 | G11: 11817737 | J11: =IF(ISNUMBER(SEARCH("_LBE_",Table2[[#This Row],[SFMC Name]])),"LBE", IF(ISNUMBER(SEARCH("_THEA_",Table2[[#This Row],[SFMC Name]])),"THEA", IF(ISNUMBER(SEARCH("_STORE_",Table2[[#This Row],[SFMC Name]])),"STORE", IF(ISNUMBER(SEARCH("_CLUB_",Table2[[#This Row],[SFMC Name]])),"CINECLUB", IF(ISNUMBER(SEARCH("_CINECLUB_",Table2[[#This Row],[SFMC Name]])),"CINECLUB", IF(ISNUMBER(SEARCH("_OTHER_",Table2[[#This Row],[SFMC Name]])),"OTHER", IF(ISNUMBER(SEARCH("_BMP_",Table2[[#This Row],[SFMC Name]])),"BMP","***CHECK***"))))))) -> THEA | K11: =_xlfn.TEXTAFTER(Table2[[#This Row],[SFMC Name]],"_",4) -> Arts&CultureNewsletter | L11: CPX_20230107_THEA_CM00561_Arts&CultureNewsletter | M11: 44933 | N11: 1480 | O11: 54 | P11: 2873 | Q11: =Table2[[#This Row],[Orders]]/Table2[[#This Row],[Visits]] -> 0.036486486
B12: W8 | C12: 44977 | D12: 42810.57 | E12: 1228.05 | F12: =D12+E12 -> 44038.62 | G12: 18019341 | J12: =IF(ISNUMBER(SEARCH("_LBE_",Table2[[#This Row],[SFMC Name]])),"LBE", IF(ISNUMBER(SEARCH("_THEA_",Table2[[#This Row],[SFMC Name]])),"THEA", IF(ISNUMBER(SEARCH("_STORE_",Table2[[#This Row],[SFMC Name]])),"STORE", IF(ISNUMBER(SEARCH("_CLUB_",Table2[[#This Row],[SFMC Name]])),"CINECLUB", IF(ISNUMBER(SEARCH("_CINECLUB_",Table2[[#This Row],[SFMC Name]])),"CINECLUB", IF(ISNUMBER(SEARCH("_OTHER_",Table2[[#This Row],[SFMC Name]])),"OTHER", IF(ISNUMBER(SEARCH("_BMP_",Table2[[#This Row],[SFMC Name]])),"BMP","***CHECK***"))))))) -> THEA | K12: =_xlfn.TEXTAFTER(Table2[[#This Row],[SFMC Name]],"_",4) -> AdvTicketsPlane | L12: CPX_20230109_THEA_CM00562_AdvTicketsPlane | M12: 44935 | N12: 8896 | O12: 89 | P12: 2153 | Q12: =Table2[[#This Row],[Orders]]/Table2[[#This Row],[Visits]] -> 0.010004496
B13: W9 | C13: 44984 | D13: 59453.7 | E13: 1415.08 | F13: =D13+E13 -> 60868.78 | G13: 13206205 | J13: =IF(ISNUMBER(SEARCH("_LBE_",Table2[[#This Row],[SFMC Name]])),"LBE", IF(ISNUMBER(SEARCH("_THEA_",Table2[[#This Row],[SFMC Name]])),"THEA", IF(ISNUMBER(SEARCH("_STORE_",Table2[[#This Row],[SFMC Name]])),"STORE", IF(ISNUMBER(SEARCH("_CLUB_",Table2[[#This Row],[SFMC Name]])),"CINECLUB", IF(ISNUMBER(SEARCH("_CINECLUB_",Table2[[#This Row],[SFMC Name]])),"CINECLUB", IF(ISNUMBER(SEARCH("_OTHER_",Table2[[#This Row],[SFMC Name]])),"OTHER", IF(ISNUMBER(SEARCH("_BMP_",Table2[[#This Row],[SFMC Name]])),"BMP","***CHECK***"))))))) -> STORE | K13: =_xlfn.TEXTAFTER(Table2[[#This Row],[SFMC Name]],"_",4) -> PussInBoots | L13: CPX_20230110_Store_CM00565_PussInBoots | M13: 44936 | N13: 1399 | O13: 28 | P13: 411 | Q13: =Table2[[#This Row],[Orders]]/Table2[[#This Row],[Visits]] -> 0.020014296
B14: W10 | C14: 44991 | D14: 81591.49 | E14: 1159.21 | F14: =D14+E14 -> 82750.7 | G14: 13300772 | J14: =IF(ISNUMBER(SEARCH("_LBE_",Table2[[#This Row],[SFMC Name]])),"LBE", IF(ISNUMBER(SEARCH("_THEA_",Table2[[#This Row],[SFMC Name]])),"THEA", IF(ISNUMBER(SEARCH("_STORE_",Table2[[#This Row],[SFMC Name]])),"STORE", IF(ISNUMBER(SEARCH("_CLUB_",Table2[[#This Row],[SFMC Name]])),"CINECLUB", IF(ISNUMBER(SEARCH("_CINECLUB_",Table2[[#This Row],[SFMC Name]])),"CINECLUB", IF(ISNUMBER(SEARCH("_OTHER_",Table2[[#This Row],[SFMC Name]])),"OTHER", IF(ISNUMBER(SEARCH("_BMP_",Table2[[#This Row],[SFMC Name]])),"BMP","***CHECK***"))))))) -> THEA | K14: =_xlfn.TEXTAFTER(Table2[[#This Row],[SFMC Name]],"_",4) -> TuesdayDeals | L14: CPX_20230110_THEA_CM00563_TuesdayDeals | M14: 44936 | N14: 4112 | O14: 54 | P14: 1169 | Q14: =Table2[[#This Row],[Orders]]/Table2[[#This Row],[Visits]] -> 0.013132296
B15: W11 | C15: 44998 | D15: 43997.32 | E15: 6951.05 | F15: =D15+E15 -> 50948.37 | G15: 16557064 | J15: =IF(ISNUMBER(SEARCH("_LBE_",Table2[[#This Row],[SFMC Name]])),"LBE", IF(ISNUMBER(SEARCH("_THEA_",Table2[[#This Row],[SFMC Name]])),"THEA", IF(ISNUMBER(SEARCH("_STORE_",Table2[[#This Row],[SFMC Name]])),"STORE", IF(ISNUMBER(SEARCH("_CLUB_",Table2[[#This Row],[SFMC Name]])),"CINECLUB", IF(ISNUMBER(SEARCH("_CINECLUB_",Table2[[#This Row],[SFMC Name]])),"CINECLUB", IF(ISNUMBER(SEARCH("_OTHER_",Table2[[#This Row],[SFMC Name]])),"OTHER", IF(ISNUMBER(SEARCH("_BMP_",Table2[[#This Row],[SFMC Name]])),"BMP","***CHECK***"))))))) -> THEA | K15: =_xlfn.TEXTAFTER(Table2[[#This Row],[SFMC Name]],"_",4) -> BTSYetToCome | L15: CPX_20230112_THEA_CM00566_BTSYetToCome | M15: 44938 | N15: 4064 | O15: 159 | P15: 9358.9 | Q15: =Table2[[#This Row],[Orders]]/Table2[[#This Row],[Visits]] -> 0.039124016
B16: W12 | C16: 45005 | D16: 31179.79 | E16: 2052.95 | F16: =D16+E16 -> 33232.74 | G16: 5888053 | J16: =IF(ISNUMBER(SEARCH("_LBE_",Table2[[#This Row],[SFMC Name]])),"LBE", IF(ISNUMBER(SEARCH("_THEA_",Table2[[#This Row],[SFMC Name]])),"THEA", IF(ISNUMBER(SEARCH("_STORE_",Table2[[#This Row],[SFMC Name]])),"STORE", IF(ISNUMBER(SEARCH("_CLUB_",Table2[[#This Row],[SFMC Name]])),"CINECLUB", IF(ISNUMBER(SEARCH("_CINECLUB_",Table2[[#This Row],[SFMC Name]])),"CINECLUB", IF(ISNUMBER(SEARCH("_OTHER_",Table2[[#This Row],[SFMC Name]])),"OTHER", IF(ISNUMBER(SEARCH("_BMP_",Table2[[#This Row],[SFMC Name]])),"BMP","***CHECK***"))))))) -> THEA | K16: =_xlfn.TEXTAFTER(Table2[[#This Row],[SFMC Name]],"_",4) -> CatalogueTitles | L16: CPX_20230113_THEA_CM00568_CatalogueTitles | M16: 44939 | N16: 25063 | O16: 430 | P16: 11865.72 | Q16: =Table2[[#This Row],[Orders]]/Table2[[#This Row],[Visits]] -> 0.017156765
B17: W13 | C17: 45012 | D17: 30242.7 | E17: 2128.55 | F17: =D17+E17 -> 32371.25 | G17: 7610409 | J17: =IF(ISNUMBER(SEARCH("_LBE_",Table2[[#This Row],[SFMC Name]])),"LBE", IF(ISNUMBER(SEARCH("_THEA_",Table2[[#This Row],[SFMC Name]])),"THEA", IF(ISNUMBER(SEARCH("_STORE_",Table2[[#This Row],[SFMC Name]])),"STORE", IF(ISNUMBER(SEARCH("_CLUB_",Table2[[#This Row],[SFMC Name]])),"CINECLUB", IF(ISNUMBER(SEARCH("_CINECLUB_",Table2[[#This Row],[SFMC Name]])),"CINECLUB", IF(ISNUMBER(SEARCH("_OTHER_",Table2[[#This Row],[SFMC Name]])),"OTHER", IF(ISNUMBER(SEARCH("_BMP_",Table2[[#This Row],[SFMC Name]])),"BMP","***CHECK***"))))))) -> STORE | K17: =_xlfn.TEXTAFTER(Table2[[#This Row],[SFMC Name]],"_",4) -> StoreNewsletterEN | L17: CPX_20230113_STORE_CM00567_StoreNewsletterEN | M17: 44939 | N17: 4227 | O17: 120 | P17: 838.13 | Q17: =Table2[[#This Row],[Orders]]/Table2[[#This Row],[Visits]] -> 0.028388928
B18: W14 | C18: 45019 | D18: 124490 | E18: 3368 | F18: =D18+E18 -> 127858 | G18: 16776968 | J18: =IF(ISNUMBER(SEARCH("_LBE_",Table2[[#This Row],[SFMC Name]])),"LBE", IF(ISNUMBER(SEARCH("_THEA_",Table2[[#This Row],[SFMC Name]])),"THEA", IF(ISNUMBER(SEARCH("_STORE_",Table2[[#This Row],[SFMC Name]])),"STORE", IF(ISNUMBER(SEARCH("_CLUB_",Table2[[#This Row],[SFMC Name]])),"CINECLUB", IF(ISNUMBER(SEARCH("_CINECLUB_",Table2[[#This Row],[SFMC Name]])),"CINECLUB", IF(ISNUMBER(SEARCH("_OTHER_",Table2[[#This Row],[SFMC Name]])),"OTHER", IF(ISNUMBER(SEARCH("_BMP_",Table2[[#This Row],[SFMC Name]])),"BMP","***CHECK***"))))))) -> THEA | K18: =_xlfn.TEXTAFTER(Table2[[#This Row],[SFMC Name]],"_",4) -> AdvTicketsAntManQuantumania | L18: CPX_20230116_THEA_CM00570_AdvTicketsAntManQuantumania | M18: 44942 | N18: 39231 | O18: 2273 | P18: 108016.95 | Q18: =Table2[[#This Row],[Orders]]/Table2[[#This Row],[Visits]] -> 0.057938875
B19: W15 | C19: 45026 | D19: 36677 | E19: 2456 | F19: =D19+E19 -> 39133 | G19: 8998549 | J19: =IF(ISNUMBER(SEARCH("_LBE_",Table2[[#This Row],[SFMC Name]])),"LBE", IF(ISNUMBER(SEARCH("_THEA_",Table2[[#This Row],[SFMC Name]])),"THEA", IF(ISNUMBER(SEARCH("_STORE_",Table2[[#This Row],[SFMC Name]])),"STORE", IF(ISNUMBER(SEARCH("_CLUB_",Table2[[#This Row],[SFMC Name]])),"CINECLUB", IF(ISNUMBER(SEARCH("_CINECLUB_",Table2[[#This Row],[SFMC Name]])),"CINECLUB", IF(ISNUMBER(SEARCH("_OTHER_",Table2[[#This Row],[SFMC Name]])),"OTHER", IF(ISNUMBER(SEARCH("_BMP_",Table2[[#This Row],[SFMC Name]])),"BMP","***CHECK***"))))))) -> THEA | K19: =_xlfn.TEXTAFTER(Table2[[#This Row],[SFMC Name]],"_",4) -> TuesdayDeals | L19: CPX_20230117_THEA_CM00571_TuesdayDeals | M19: 44943 | N19: 4393 | O19: 115 | P19: 2654.29 | Q19: =Table2[[#This Row],[Orders]]/Table2[[#This Row],[Visits]] -> 0.02617801
... B29: W25 | C29: 45096 | D29: 31478 | E29: 2223 | F29: =D29+E29 -> 33701 | G29: 12813458 | J29: =IF(ISNUMBER(SEARCH("_LBE_",Table2[[#This Row],[SFMC Name]])),"LBE", IF(ISNUMBER(SEARCH("_THEA_",Table2[[#This Row],[SFMC Name]])),"THEA", IF(ISNUMBER(SEARCH("_STORE_",Table2[[#This Row],[SFMC Name]])),"STORE", IF(ISNUMBER(SEARCH("_CLUB_",Table2[[#This Row],[SFMC Name]])),"CINECLUB", IF(ISNUMBER(SEARCH("_CINECLUB_",Table2[[#This Row],[SFMC Name]])),"CINECLUB", IF(ISNUMBER(SEARCH("_OTHER_",Table2[[#This Row],[SFMC Name]])),"OTHER", IF(ISNUMBER(SEARCH("_BMP_",Table2[[#This Row],[SFMC Name]])),"BMP","***CHECK***"))))))) -> THEA | K29: =_xlfn.TEXTAFTER(Table2[[#This Row],[SFMC Name]],"_",4) -> Pathaan2 | L29: CPX_20230124_THEA_CM00583_Pathaan2 | M29: 44950 | N29: 2881 | O29: 111 | P29: 3834 | Q29: =Table2[[#This Row],[Orders]]/Table2[[#This Row],[Visits]] -> 0.038528289
B30: W26 | C30: 45103 | F30: =D30+E30 -> 0 | J30: =IF(ISNUMBER(SEARCH("_LBE_",Table2[[#This Row],[SFMC Name]])),"LBE", IF(ISNUMBER(SEARCH("_THEA_",Table2[[#This Row],[SFMC Name]])),"THEA", IF(ISNUMBER(SEARCH("_STORE_",Table2[[#This Row],[SFMC Name]])),"STORE", IF(ISNUMBER(SEARCH("_CLUB_",Table2[[#This Row],[SFMC Name]])),"CINECLUB", IF(ISNUMBER(SEARCH("_CINECLUB_",Table2[[#This Row],[SFMC Name]])),"CINECLUB", IF(ISNUMBER(SEARCH("_OTHER_",Table2[[#This Row],[SFMC Name]])),"OTHER", IF(ISNUMBER(SEARCH("_BMP_",Table2[[#This Row],[SFMC Name]])),"BMP","***CHECK***"))))))) -> THEA | K30: =_xlfn.TEXTAFTER(Table2[[#This Row],[SFMC Name]],"_",4) -> TuesdayDeals | L30: CPX_20230124_THEA_CM00582_TuesdayDeals | M30: 44950 | N30: 7801 | O30: 123 | P30: 2514 | Q30: =Table2[[#This Row],[Orders]]/Table2[[#This Row],[Visits]] -> 0.015767209
B31: W27 | C31: 45110 | F31: =D31+E31 -> 0 | J31: =IF(ISNUMBER(SEARCH("_LBE_",Table2[[#This Row],[SFMC Name]])),"LBE", IF(ISNUMBER(SEARCH("_THEA_",Table2[[#This Row],[SFMC Name]])),"THEA", IF(ISNUMBER(SEARCH("_STORE_",Table2[[#This Row],[SFMC Name]])),"STORE", IF(ISNUMBER(SEARCH("_CLUB_",Table2[[#This Row],[SFMC Name]])),"CINECLUB", IF(ISNUMBER(SEARCH("_CINECLUB_",Table2[[#This Row],[SFMC Name]])),"CINECLUB", IF(ISNUMBER(SEARCH("_OTHER_",Table2[[#This Row],[SFMC Name]])),"OTHER", IF(ISNUMBER(SEARCH("_BMP_",Table2[[#This Row],[SFMC Name]])),"BMP","***CHECK***"))))))) -> THEA | K31: =_xlfn.TEXTAFTER(Table2[[#This Row],[SFMC Name]],"_",4) -> Plane | L31: CPX_20230125_THEA_CM00586_Plane | M31: 44951 | N31: 3099 | O31: 51 | P31: 1335 | Q31: =Table2[[#This Row],[Orders]]/Table2[[#This Row],[Visits]] -> 0.016456922
B32: W28 | C32: 45117 | F32: =D32+E32 -> 0 | J32: =IF(ISNUMBER(SEARCH("_LBE_",Table2[[#This Row],[SFMC Name]])),"LBE", IF(ISNUMBER(SEARCH("_THEA_",Table2[[#This Row],[SFMC Name]])),"THEA", IF(ISNUMBER(SEARCH("_STORE_",Table2[[#This Row],[SFMC Name]])),"STORE", IF(ISNUMBER(SEARCH("_CLUB_",Table2[[#This Row],[SFMC Name]])),"CINECLUB", IF(ISNUMBER(SEARCH("_CINECLUB_",Table2[[#This Row],[SFMC Name]])),"CINECLUB", IF(ISNUMBER(SEARCH("_OTHER_",Table2[[#This Row],[SFMC Name]])),"OTHER", IF(ISNUMBER(SEARCH("_BMP_",Table2[[#This Row],[SFMC Name]])),"BMP","***CHECK***"))))))) -> THEA | K32: =_xlfn.TEXTAFTER(Table2[[#This Row],[SFMC Name]],"_",4) -> TheWanderingEarthII | L32: CPX_20230125_THEA_CM00585_TheWanderingEarthII | M32: 44951 | N32: 1640 | O32: 52 | P32: 1650 | Q32: =Table2[[#This Row],[Orders]]/Table2[[#This Row],[Visits]] -> 0.031707317
B33: W29 | C33: 45124 | F33: =D33+E33 -> 0 | J33: =IF(ISNUMBER(SEARCH("_LBE_",Table2[[#This Row],[SFMC Name]])),"LBE", IF(ISNUMBER(SEARCH("_THEA_",Table2[[#This Row],[SFMC Name]])),"THEA", IF(ISNUMBER(SEARCH("_STORE_",Table2[[#This Row],[SFMC Name]])),"STORE", IF(ISNUMBER(SEARCH("_CLUB_",Table2[[#This Row],[SFMC Name]])),"CINECLUB", IF(ISNUMBER(SEARCH("_CINECLUB_",Table2[[#This Row],[SFMC Name]])),"CINECLUB", IF(ISNUMBER(SEARCH("_OTHER_",Table2[[#This Row],[SFMC Name]])),"OTHER", IF(ISNUMBER(SEARCH("_BMP_",Table2[[#This Row],[SFMC Name]])),"BMP","***CHECK***"))))))) -> THEA | K33: =_xlfn.TEXTAFTER(Table2[[#This Row],[SFMC Name]],"_",4) -> XLCocaCola | L33: CPX_20230126_THEA_CM00589_XLCocaCola | M33: 44952 | N33: 2259 | O33: 16 | P33: 501 | Q33: =Table2[[#This Row],[Orders]]/Table2[[#This Row],[Visits]] -> 0.00708278
B34: W30 | C34: 45131 | F34: =D34+E34 -> 0 | J34: =IF(ISNUMBER(SEARCH("_LBE_",Table2[[#This Row],[SFMC Name]])),"LBE", IF(ISNUMBER(SEARCH("_THEA_",Table2[[#This Row],[SFMC Name]])),"THEA", IF(ISNUMBER(SEARCH("_STORE_",Table2[[#This Row],[SFMC Name]])),"STORE", IF(ISNUMBER(SEARCH("_CLUB_",Table2[[#This Row],[SFMC Name]])),"CINECLUB", IF(ISNUMBER(SEARCH("_CINECLUB_",Table2[[#This Row],[SFMC Name]])),"CINECLUB", IF(ISNUMBER(SEARCH("_OTHER_",Table2[[#This Row],[SFMC Name]])),"OTHER", IF(ISNUMBER(SEARCH("_BMP_",Table2[[#This Row],[SFMC Name]])),"BMP","***CHECK***"))))))) -> THEA | K34: =_xlfn.TEXTAFTER(Table2[[#This Row],[SFMC Name]],"_",4) -> D&TCineClubAcq#1 | L34: CPX_20230126_THEA_CM00588_D&TCineClubAcq#1 | M34: 44952 | N34: 521 | O34: 4 | P34: 70 | Q34: =Table2[[#This Row],[Orders]]/Table2[[#This Row],[Visits]] -> 0.0076775432
B35: W31 | C35: 45138 | F35: =D35+E35 -> 0 | J35: =IF(ISNUMBER(SEARCH("_LBE_",Table2[[#This Row],[SFMC Name]])),"LBE", IF(ISNUMBER(SEARCH("_THEA_",Table2[[#This Row],[SFMC Name]])),"THEA", IF(ISNUMBER(SEARCH("_STORE_",Table2[[#This Row],[SFMC Name]])),"STORE", IF(ISNUMBER(SEARCH("_CLUB_",Table2[[#This Row],[SFMC Name]])),"CINECLUB", IF(ISNUMBER(SEARCH("_CINECLUB_",Table2[[#This Row],[SFMC Name]])),"CINECLUB", IF(ISNUMBER(SEARCH("_OTHER_",Table2[[#This Row],[SFMC Name]])),"OTHER", IF(ISNUMBER(SEARCH("_BMP_",Table2[[#This Row],[SFMC Name]])),"BMP","***CHECK***"))))))) -> STORE | K35: =_xlfn.TEXTAFTER(Table2[[#This Row],[SFMC Name]],"_",4) -> StoreNewsletterEN | L35: CPX_20230127_STORE_CM00592_StoreNewsletterEN | M35: 44953 | N35: 7257 | O35: 188 | P35: 1713 | Q35: =Table2[[#This Row],[Orders]]/Table2[[#This Row],[Visits]] -> 0.025906022
B36: W32 | C36: 45145 | F36: =D36+E36 -> 0 | J36: =IF(ISNUMBER(SEARCH("_LBE_",Table2[[#This Row],[SFMC Name]])),"LBE", IF(ISNUMBER(SEARCH("_THEA_",Table2[[#This Row],[SFMC Name]])),"THEA", IF(ISNUMBER(SEARCH("_STORE_",Table2[[#This Row],[SFMC Name]])),"STORE", IF(ISNUMBER(SEARCH("_CLUB_",Table2[[#This Row],[SFMC Name]])),"CINECLUB", IF(ISNUMBER(SEARCH("_CINECLUB_",Table2[[#This Row],[SFMC Name]])),"CINECLUB", IF(ISNUMBER(SEARCH("_OTHER_",Table2[[#This Row],[SFMC Name]])),"OTHER", IF(ISNUMBER(SEARCH("_BMP_",Table2[[#This Row],[SFMC Name]])),"BMP","***CHECK***"))))))) -> THEA | K36: =_xlfn.TEXTAFTER(Table2[[#This Row],[SFMC Name]],"_",4) -> CatalogueTitles | L36: CPX_20230127_THEA_CM00591_CatalogueTitles | M36: 44953 | N36: 28222 | O36: 461 | P36: 14616 | Q36: =Table2[[#This Row],[Orders]]/Table2[[#This Row],[Visits]] -> 0.016334774
B37: W33 | C37: 45152 | F37: =D37+E37 -> 0 | J37: =IF(ISNUMBER(SEARCH("_LBE_",Table2[[#This Row],[SFMC Name]])),"LBE", IF(ISNUMBER(SEARCH("_THEA_",Table2[[#This Row],[SFMC Name]])),"THEA", IF(ISNUMBER(SEARCH("_STORE_",Table2[[#This Row],[SFMC Name]])),"STORE", IF(ISNUMBER(SEARCH("_CLUB_",Table2[[#This Row],[SFMC Name]])),"CINECLUB", IF(ISNUMBER(SEARCH("_CINECLUB_",Table2[[#This Row],[SFMC Name]])),"CINECLUB", IF(ISNUMBER(SEARCH("_OTHER_",Table2[[#This Row],[SFMC Name]])),"OTHER", IF(ISNUMBER(SEARCH("_BMP_",Table2[[#This Row],[SFMC Name]])),"BMP","***CHECK***"))))))) -> THEA | K37: =_xlfn.TEXTAFTER(Table2[[#This Row],[SFMC Name]],"_",4) -> 80ForBradyContest | L37: CPX_20230131_THEA_CM00595_80ForBradyContest | M37: 44957 | N37: 2573 | O37: 95 | P37: 1891 | Q37: =Table2[[#This Row],[Orders]]/Table2[[#This Row],[Visits]] -> 0.036921881
B38: W34 | C38: 45159 | F38: =D38+E38 -> 0 | J38: =IF(ISNUMBER(SEARCH("_LBE_",Table2[[#This Row],[SFMC Name]])),"LBE", IF(ISNUMBER(SEARCH("_THEA_",Table2[[#This Row],[SFMC Name]])),"THEA", IF(ISNUMBER(SEARCH("_STORE_",Table2[[#This Row],[SFMC Name]])),"STORE", IF(ISNUMBER(SEARCH("_CLUB_",Table2[[#This Row],[SFMC Name]])),"CINECLUB", IF(ISNUMBER(SEARCH("_CINECLUB_",Table2[[#This Row],[SFMC Name]])),"CINECLUB", IF(ISNUMBER(SEARCH("_OTHER_",Table2[[#This Row],[SFMC Name]])),"OTHER", IF(ISNUMBER(SEARCH("_BMP_",Table2[[#This Row],[SFMC Name]])),"BMP","***CHECK***"))))))) -> THEA | K38: =_xlfn.TEXTAFTER(Table2[[#This Row],[SFMC Name]],"_",4) -> TuesdayDeals | L38: CPX_202301231_THEA_CM00593_TuesdayDeals | M38: 44957 | N38: 3788 | O38: 51 | P38: 1117 | Q38: =Table2[[#This Row],[Orders]]/Table2[[#This Row],[Visits]] -> 0.013463569
B39: W35 | C39: 45166 | F39: =D39+E39 -> 0 | J39: =IF(ISNUMBER(SEARCH("_LBE_",Table2[[#This Row],[SFMC Name]])),"LBE", IF(ISNUMBER(SEARCH("_THEA_",Table2[[#This Row],[SFMC Name]])),"THEA", IF(ISNUMBER(SEARCH("_STORE_",Table2[[#This Row],[SFMC Name]])),"STORE", IF(ISNUMBER(SEARCH("_CLUB_",Table2[[#This Row],[SFMC Name]])),"CINECLUB", IF(ISNUMBER(SEARCH("_CINECLUB_",Table2[[#This Row],[SFMC Name]])),"CINECLUB", IF(ISNUMBER(SEARCH("_OTHER_",Table2[[#This Row],[SFMC Name]])),"OTHER", IF(ISNUMBER(SEARCH("_BMP_",Table2[[#This Row],[SFMC Name]])),"BMP","***CHECK***"))))))) -> THEA | K39: =_xlfn.TEXTAFTER(Table2[[#This Row],[SFMC Name]],"_",4) -> 1MPointsContest | L39: CPX_20230201_THEA_CM00596_1MPointsContest | M39: 44958 | N39: 73247 | O39: 310 | P39: 9257.37 | Q39: =Table2[[#This Row],[Orders]]/Table2[[#This Row],[Visits]] -> 0.0042322552
B40: W36 | C40: 45173 | F40: =D40+E40 -> 0 | J40: =IF(ISNUMBER(SEARCH("_LBE_",Table2[[#This Row],[SFMC Name]])),"LBE", IF(ISNUMBER(SEARCH("_THEA_",Table2[[#This Row],[SFMC Name]])),"THEA", IF(ISNUMBER(SEARCH("_STORE_",Table2[[#This Row],[SFMC Name]])),"STORE", IF(ISNUMBER(SEARCH("_CLUB_",Table2[[#This Row],[SFMC Name]])),"CINECLUB", IF(ISNUMBER(SEARCH("_CINECLUB_",Table2[[#This Row],[SFMC Name]])),"CINECLUB", IF(ISNUMBER(SEARCH("_OTHER_",Table2[[#This Row],[SFMC Name]])),"OTHER", IF(ISNUMBER(SEARCH("_BMP_",Table2[[#This Row],[SFMC Name]])),"BMP","***CHECK***"))))))) -> LBE | K40: =_xlfn.TEXTAFTER(Table2[[#This Row],[SFMC Name]],"_",4) -> HalfOffGameplay | L40: CPX_20230201_LBE_CM00594_HalfOffGameplay | M40: 44958 | N40: 1072 | O40: 0 | P40: 0 | Q40: =Table2[[#This Row],[Orders]]/Table2[[#This Row],[Visits]] -> 0
B41: W37 | C41: 45180 | F41: =D41+E41 -> 0 | J41: =IF(ISNUMBER(SEARCH("_LBE_",Table2[[#This Row],[SFMC Name]])),"LBE", IF(ISNUMBER(SEARCH("_THEA_",Table2[[#This Row],[SFMC Name]])),"THEA", IF(ISNUMBER(SEARCH("_STORE_",Table2[[#This Row],[SFMC Name]])),"STORE", IF(ISNUMBER(SEARCH("_CLUB_",Table2[[#This Row],[SFMC Name]])),"CINECLUB", IF(ISNUMBER(SEARCH("_CINECLUB_",Table2[[#This Row],[SFMC Name]])),"CINECLUB", IF(ISNUMBER(SEARCH("_OTHER_",Table2[[#This Row],[SFMC Name]])),"OTHER", IF(ISNUMBER(SEARCH("_BMP_",Table2[[#This Row],[SFMC Name]])),"BMP","***CHECK***"))))))) -> STORE | K41: =_xlfn.TEXTAFTER(Table2[[#This Row],[SFMC Name]],"_",4) -> Babylon | L41: CPX_20230202_STORE_CM00601_Babylon | M41: 44959 | N41: 976 | O41: 17 | P41: 281.46 | Q41: =Table2[[#This Row],[Orders]]/Table2[[#This Row],[Visits]] -> 0.017418033
... B43: W39 | C43: 45194 | F43: =D43+E43 -> 0 | J43: =IF(ISNUMBER(SEARCH("_LBE_",Table2[[#This Row],[SFMC Name]])),"LBE", IF(ISNUMBER(SEARCH("_THEA_",Table2[[#This Row],[SFMC Name]])),"THEA", IF(ISNUMBER(SEARCH("_STORE_",Table2[[#This Row],[SFMC Name]])),"STORE", IF(ISNUMBER(SEARCH("_CLUB_",Table2[[#This Row],[SFMC Name]])),"CINECLUB", IF(ISNUMBER(SEARCH("_CINECLUB_",Table2[[#This Row],[SFMC Name]])),"CINECLUB", IF(ISNUMBER(SEARCH("_OTHER_",Table2[[#This Row],[SFMC Name]])),"OTHER", IF(ISNUMBER(SEARCH("_BMP_",Table2[[#This Row],[SFMC Name]])),"BMP","***CHECK***"))))))) -> THEA | K43: =_xlfn.TEXTAFTER(Table2[[#This Row],[SFMC Name]],"_",4) -> D&TCineClubAcq#2 | L43: CPX_20230202_THEA_CM00599_D&TCineClubAcq#2 | M43: 44959 | N43: 453 | O43: 3 | P43: 45 | Q43: =Table2[[#This Row],[Orders]]/Table2[[#This Row],[Visits]] -> 0.0066225166
B44: W40 | C44: 45201 | F44: =D44+E44 -> 0 | J44: =IF(ISNUMBER(SEARCH("_LBE_",Table2[[#This Row],[SFMC Name]])),"LBE", IF(ISNUMBER(SEARCH("_THEA_",Table2[[#This Row],[SFMC Name]])),"THEA", IF(ISNUMBER(SEARCH("_STORE_",Table2[[#This Row],[SFMC Name]])),"STORE", IF(ISNUMBER(SEARCH("_CLUB_",Table2[[#This Row],[SFMC Name]])),"CINECLUB", IF(ISNUMBER(SEARCH("_CINECLUB_",Table2[[#This Row],[SFMC Name]])),"CINECLUB", IF(ISNUMBER(SEARCH("_OTHER_",Table2[[#This Row],[SFMC Name]])),"OTHER", IF(ISNUMBER(SEARCH("_BMP_",Table2[[#This Row],[SFMC Name]])),"BMP","***CHECK***"))))))) -> LBE | K44: =_xlfn.TEXTAFTER(Table2[[#This Row],[SFMC Name]],"_",4) -> SuperbowlPartyReminder | L44: CPX_20230203_LBE_CM00603_SuperbowlPartyReminder | M44: 44960 | N44: 0 | O44: 0 | P44: 0 | Q44: 0 | R44: Eventbrite
B45: W41 | C45: 45208 | F45: =D45+E45 -> 0 | J45: =IF(ISNUMBER(SEARCH("_LBE_",Table2[[#This Row],[SFMC Name]])),"LBE", IF(ISNUMBER(SEARCH("_THEA_",Table2[[#This Row],[SFMC Name]])),"THEA", IF(ISNUMBER(SEARCH("_STORE_",Table2[[#This Row],[SFMC Name]])),"STORE", IF(ISNUMBER(SEARCH("_CLUB_",Table2[[#This Row],[SFMC Name]])),"CINECLUB", IF(ISNUMBER(SEARCH("_CINECLUB_",Table2[[#This Row],[SFMC Name]])),"CINECLUB", IF(ISNUMBER(SEARCH("_OTHER_",Table2[[#This Row],[SFMC Name]])),"OTHER", IF(ISNUMBER(SEARCH("_BMP_",Table2[[#This Row],[SFMC Name]])),"BMP","***CHECK***"))))))) -> STORE | K45: =_xlfn.TEXTAFTER(Table2[[#This Row],[SFMC Name]],"_",4) -> StoreNewsletterEN | L45: CPX_20230203_STORE_CM00605_StoreNewsletterEN | M45: 44960 | N45: 3279 | O45: 51 | P45: 440 | Q45: =Table2[[#This Row],[Orders]]/Table2[[#This Row],[Visits]] -> 0.015553522
B46: W42 | C46: 45215 | F46: =D46+E46 -> 0 | J46: =IF(ISNUMBER(SEARCH("_LBE_",Table2[[#This Row],[SFMC Name]])),"LBE", IF(ISNUMBER(SEARCH("_THEA_",Table2[[#This Row],[SFMC Name]])),"THEA", IF(ISNUMBER(SEARCH("_STORE_",Table2[[#This Row],[SFMC Name]])),"STORE", IF(ISNUMBER(SEARCH("_CLUB_",Table2[[#This Row],[SFMC Name]])),"CINECLUB", IF(ISNUMBER(SEARCH("_CINECLUB_",Table2[[#This Row],[SFMC Name]])),"CINECLUB", IF(ISNUMBER(SEARCH("_OTHER_",Table2[[#This Row],[SFMC Name]])),"OTHER", IF(ISNUMBER(SEARCH("_BMP_",Table2[[#This Row],[SFMC Name]])),"BMP","***CHECK***"))))))) -> THEA | K46: =_xlfn.TEXTAFTER(Table2[[#This Row],[SFMC Name]],"_",4) -> CatalogueTitles | L46: CPX_20230203_THEA_CM00604_CatalogueTitles | M46: 44960 | N46: 14190 | O46: 224 | P46: 6403.92 | Q46: =Table2[[#This Row],[Orders]]/Table2[[#This Row],[Visits]] -> 0.015785765
B47: W43 | C47: 45222 | F47: =D47+E47 -> 0 | J47: =IF(ISNUMBER(SEARCH("_LBE_",Table2[[#This Row],[SFMC Name]])),"LBE", IF(ISNUMBER(SEARCH("_THEA_",Table2[[#This Row],[SFMC Name]])),"THEA", IF(ISNUMBER(SEARCH("_STORE_",Table2[[#This Row],[SFMC Name]])),"STORE", IF(ISNUMBER(SEARCH("_CLUB_",Table2[[#This Row],[SFMC Name]])),"CINECLUB", IF(ISNUMBER(SEARCH("_CINECLUB_",Table2[[#This Row],[SFMC Name]])),"CINECLUB", IF(ISNUMBER(SEARCH("_OTHER_",Table2[[#This Row],[SFMC Name]])),"OTHER", IF(ISNUMBER(SEARCH("_BMP_",Table2[[#This Row],[SFMC Name]])),"BMP","***CHECK***"))))))) -> STORE | K47: =_xlfn.TEXTAFTER(Table2[[#This Row],[SFMC Name]],"_",4) -> StoreNewsletterFR | L47: CPX_20230204_STORE_CM00608_StoreNewsletterFR | M47: 44961 | N47: 193 | O47: 1 | P47: 7 | Q47: =Table2[[#This Row],[Orders]]/Table2[[#This Row],[Visits]] -> 0.0051813472
B48: W44 | C48: 45229 | F48: =D48+E48 -> 0 | J48: =IF(ISNUMBER(SEARCH("_LBE_",Table2[[#This Row],[SFMC Name]])),"LBE", IF(ISNUMBER(SEARCH("_THEA_",Table2[[#This Row],[SFMC Name]])),"THEA", IF(ISNUMBER(SEARCH("_STORE_",Table2[[#This Row],[SFMC Name]])),"STORE", IF(ISNUMBER(SEARCH("_CLUB_",Table2[[#This Row],[SFMC Name]])),"CINECLUB", IF(ISNUMBER(SEARCH("_CINECLUB_",Table2[[#This Row],[SFMC Name]])),"CINECLUB", IF(ISNUMBER(SEARCH("_OTHER_",Table2[[#This Row],[SFMC Name]])),"OTHER", IF(ISNUMBER(SEARCH("_BMP_",Table2[[#This Row],[SFMC Name]])),"BMP","***CHECK***"))))))) -> THEA | K48: =_xlfn.TEXTAFTER(Table2[[#This Row],[SFMC Name]],"_",4) -> Arts&CultureNewsletter | L48: CPX_20230204_THEA_CM00607_Arts&CultureNewsletter | M48: 44961 | N48: 1276 | O48: 21 | P48: 929 | Q48: =Table2[[#This Row],[Orders]]/Table2[[#This Row],[Visits]] -> 0.01645768
B49: W45 | C49: 45236 | F49: =D49+E49 -> 0 | J49: =IF(ISNUMBER(SEARCH("_LBE_",Table2[[#This Row],[SFMC Name]])),"LBE", IF(ISNUMBER(SEARCH("_THEA_",Table2[[#This Row],[SFMC Name]])),"THEA", IF(ISNUMBER(SEARCH("_STORE_",Table2[[#This Row],[SFMC Name]])),"STORE", IF(ISNUMBER(SEARCH("_CLUB_",Table2[[#This Row],[SFMC Name]])),"CINECLUB", IF(ISNUMBER(SEARCH("_CINECLUB_",Table2[[#This Row],[SFMC Name]])),"CINECLUB", IF(ISNUMBER(SEARCH("_OTHER_",Table2[[#This Row],[SFMC Name]])),"OTHER", IF(ISNUMBER(SEARCH("_BMP_",Table2[[#This Row],[SFMC Name]])),"BMP","***CHECK***"))))))) -> STORE | K49: =_xlfn.TEXTAFTER(Table2[[#This Row],[SFMC Name]],"_",4) -> IWannaDanceWithSomebody | L49: CPX_20230207_STORE_CM00611_IWannaDanceWithSomebody | M49: 44964 | N49: 2877 | O49: 24 | P49: 269 | Q49: =Table2[[#This Row],[Orders]]/Table2[[#This Row],[Visits]] -> 0.0083420229
B50: W46 | C50: 45243 | F50: =D50+E50 -> 0 | J50: =IF(ISNUMBER(SEARCH("_LBE_",Table2[[#This Row],[SFMC Name]])),"LBE", IF(ISNUMBER(SEARCH("_THEA_",Table2[[#This Row],[SFMC Name]])),"THEA", IF(ISNUMBER(SEARCH("_STORE_",Table2[[#This Row],[SFMC Name]])),"STORE", IF(ISNUMBER(SEARCH("_CLUB_",Table2[[#This Row],[SFMC Name]])),"CINECLUB", IF(ISNUMBER(SEARCH("_CINECLUB_",Table2[[#This Row],[SFMC Name]])),"CINECLUB", IF(ISNUMBER(SEARCH("_OTHER_",Table2[[#This Row],[SFMC Name]])),"OTHER", IF(ISNUMBER(SEARCH("_BMP_",Table2[[#This Row],[SFMC Name]])),"BMP","***CHECK***"))))))) -> THEA | K50: =_xlfn.TEXTAFTER(Table2[[#This Row],[SFMC Name]],"_",4) -> TuesdayDeals | L50: CPX_20230207_THEA_CM00610_TuesdayDeals | M50: 44964 | N50: 3355 | O50: 61 | P50: 1550 | Q50: =Table2[[#This Row],[Orders]]/Table2[[#This Row],[Visits]] -> 0.018181818
B51: W47 | C51: 45250 | F51: =D51+E51 -> 0 | J51: =IF(ISNUMBER(SEARCH("_LBE_",Table2[[#This Row],[SFMC Name]])),"LBE", IF(ISNUMBER(SEARCH("_THEA_",Table2[[#This Row],[SFMC Name]])),"THEA", IF(ISNUMBER(SEARCH("_STORE_",Table2[[#This Row],[SFMC Name]])),"STORE", IF(ISNUMBER(SEARCH("_CLUB_",Table2[[#This Row],[SFMC Name]])),"CINECLUB", IF(ISNUMBER(SEARCH("_CINECLUB_",Table2[[#This Row],[SFMC Name]])),"CINECLUB", IF(ISNUMBER(SEARCH("_OTHER_",Table2[[#This Row],[SFMC Name]])),"OTHER", IF(ISNUMBER(SEARCH("_BMP_",Table2[[#This Row],[SFMC Name]])),"BMP","***CHECK***"))))))) -> THEA | K51: =_xlfn.TEXTAFTER(Table2[[#This Row],[SFMC Name]],"_",4) -> Hot&SpicyShakeIt | L51: CPX_20230208_THEA_CM00612_Hot&SpicyShakeIt | M51: 44965 | N51: 1431 | O51: 6 | P51: 157 | Q51: =Table2[[#This Row],[Orders]]/Table2[[#This Row],[Visits]] -> 0.0041928721
B52: W48 | C52: 45257 | F52: =D52+E52 -> 0 | J52: =IF(ISNUMBER(SEARCH("_LBE_",Table2[[#This Row],[SFMC Name]])),"LBE", IF(ISNUMBER(SEARCH("_THEA_",Table2[[#This Row],[SFMC Name]])),"THEA", IF(ISNUMBER(SEARCH("_STORE_",Table2[[#This Row],[SFMC Name]])),"STORE", IF(ISNUMBER(SEARCH("_CLUB_",Table2[[#This Row],[SFMC Name]])),"CINECLUB", IF(ISNUMBER(SEARCH("_CINECLUB_",Table2[[#This Row],[SFMC Name]])),"CINECLUB", IF(ISNUMBER(SEARCH("_OTHER_",Table2[[#This Row],[SFMC Name]])),"OTHER", IF(ISNUMBER(SEARCH("_BMP_",Table2[[#This Row],[SFMC Name]])),"BMP","***CHECK***"))))))) -> THEA | K52: =_xlfn.TEXTAFTER(Table2[[#This Row],[SFMC Name]],"_",4) -> PathaanVIPExperience | L52: CPX_20230209_THEA_CM00621_PathaanVIPExperience | M52: 44966 | N52: 251 | O52: 8 | P52: 338 | Q52: =Table2[[#This Row],[Orders]]/Table2[[#This Row],[Visits]] -> 0.03187251
B53: W49 | C53: 45264 | F53: =D53+E53 -> 0 | J53: =IF(ISNUMBER(SEARCH("_LBE_",Table2[[#This Row],[SFMC Name]])),"LBE", IF(ISNUMBER(SEARCH("_THEA_",Table2[[#This Row],[SFMC Name]])),"THEA", IF(ISNUMBER(SEARCH("_STORE_",Table2[[#This Row],[SFMC Name]])),"STORE", IF(ISNUMBER(SEARCH("_CLUB_",Table2[[#This Row],[SFMC Name]])),"CINECLUB", IF(ISNUMBER(SEARCH("_CINECLUB_",Table2[[#This Row],[SFMC Name]])),"CINECLUB", IF(ISNUMBER(SEARCH("_OTHER_",Table2[[#This Row],[SFMC Name]])),"OTHER", IF(ISNUMBER(SEARCH("_BMP_",Table2[[#This Row],[SFMC Name]])),"BMP","***CHECK***"))))))) -> THEA | K53: =_xlfn.TEXTAFTER(Table2[[#This Row],[SFMC Name]],"_",4) -> D&TCineClubAcq#3 | L53: CPX_20230209_THEA_CM00615_D&TCineClubAcq#3 | M53: 44966 | N53: 744 | O53: 5 | P53: 87 | Q53: =Table2[[#This Row],[Orders]]/Table2[[#This Row],[Visits]] -> 0.0067204301
B54: W50 | C54: 45271 | F54: =D54+E54 -> 0 | J54: =IF(ISNUMBER(SEARCH("_LBE_",Table2[[#This Row],[SFMC Name]])),"LBE", IF(ISNUMBER(SEARCH("_THEA_",Table2[[#This Row],[SFMC Name]])),"THEA", IF(ISNUMBER(SEARCH("_STORE_",Table2[[#This Row],[SFMC Name]])),"STORE", IF(ISNUMBER(SEARCH("_CLUB_",Table2[[#This Row],[SFMC Name]])),"CINECLUB", IF(ISNUMBER(SEARCH("_CINECLUB_",Table2[[#This Row],[SFMC Name]])),"CINECLUB", IF(ISNUMBER(SEARCH("_OTHER_",Table2[[#This Row],[SFMC Name]])),"OTHER", IF(ISNUMBER(SEARCH("_BMP_",Table2[[#This Row],[SFMC Name]])),"BMP","***CHECK***"))))))) -> LBE | K54: =_xlfn.TEXTAFTER(Table2[[#This Row],[SFMC Name]],"_",4) -> SuperbowlPartyFinalReminder | L54: CPX_20230209_LBE_CM00613_SuperbowlPartyFinalReminder | M54: 44966 | N54: 0 | O54: 0 | P54: 0 | Q54: 0 | R54: Eventbrite
B55: W51 | C55: 45278 | F55: =D55+E55 -> 0 | J55: =IF(ISNUMBER(SEARCH("_LBE_",Table2[[#This Row],[SFMC Name]])),"LBE", IF(ISNUMBER(SEARCH("_THEA_",Table2[[#This Row],[SFMC Name]])),"THEA", IF(ISNUMBER(SEARCH("_STORE_",Table2[[#This Row],[SFMC Name]])),"STORE", IF(ISNUMBER(SEARCH("_CLUB_",Table2[[#This Row],[SFMC Name]])),"CINECLUB", IF(ISNUMBER(SEARCH("_CINECLUB_",Table2[[#This Row],[SFMC Name]])),"CINECLUB", IF(ISNUMBER(SEARCH("_OTHER_",Table2[[#This Row],[SFMC Name]])),"OTHER", IF(ISNUMBER(SEARCH("_BMP_",Table2[[#This Row],[SFMC Name]])),"BMP","***CHECK***"))))))) -> STORE | K55: =_xlfn.TEXTAFTER(Table2[[#This Row],[SFMC Name]],"_",4) -> StoreNewsletterEN | L55: CPX_20230210_STORE_CM00619_StoreNewsletterEN | M55: 44967 | N55: 3772 | O55: 76 | P55: 726 | Q55: =Table2[[#This Row],[Orders]]/Table2[[#This Row],[Visits]] -> 0.020148462
B56: W52 | C56: 45285 | F56: =D56+E56 -> 0 | J56: =IF(ISNUMBER(SEARCH("_LBE_",Table2[[#This Row],[SFMC Name]])),"LBE", IF(ISNUMBER(SEARCH("_THEA_",Table2[[#This Row],[SFMC Name]])),"THEA", IF(ISNUMBER(SEARCH("_STORE_",Table2[[#This Row],[SFMC Name]])),"STORE", IF(ISNUMBER(SEARCH("_CLUB_",Table2[[#This Row],[SFMC Name]])),"CINECLUB", IF(ISNUMBER(SEARCH("_CINECLUB_",Table2[[#This Row],[SFMC Name]])),"CINECLUB", IF(ISNUMBER(SEARCH("_OTHER_",Table2[[#This Row],[SFMC Name]])),"OTHER", IF(ISNUMBER(SEARCH("_BMP_",Table2[[#This Row],[SFMC Name]])),"BMP","***CHECK***"))))))) -> THEA | K56: =_xlfn.TEXTAFTER(Table2[[#This Row],[SFMC Name]],"_",4) -> CatalogueTitles | L56: CPX_20230210_THEA_CM00618_CatalogueTitles | M56: 44967 | N56: 17193 | O56: 275 | P56: 8908 | Q56: =Table2[[#This Row],[Orders]]/Table2[[#This Row],[Visits]] -> 0.015994882
B57: Total | D57: =SUBTOTAL(109,Table1[Cineplex dot com Sales]) -> 1344547 | E57: =SUBTOTAL(109,Table1[Store Web, Mobile Web, SmartTV - Prod Sales]) -> 65282.33 | F57: =SUBTOTAL(109,Table1[Total]) -> 1409829.3 | G57: =SUBTOTAL(109,Table1[Email Sends]) -> 323128325 | J57: =IF(ISNUMBER(SEARCH("_LBE_",Table2[[#This Row],[SFMC Name]])),"LBE", IF(ISNUMBER(SEARCH("_THEA_",Table2[[#This Row],[SFMC Name]])),"THEA", IF(ISNUMBER(SEARCH("_STORE_",Table2[[#This Row],[SFMC Name]])),"STORE", IF(ISNUMBER(SEARCH("_CLUB_",Table2[[#This Row],[SFMC Name]])),"CINECLUB", IF(ISNUMBER(SEARCH("_CINECLUB_",Table2[[#This Row],[SFMC Name]])),"CINECLUB", IF(ISNUMBER(SEARCH("_OTHER_",Table2[[#This Row],[SFMC Name]])),"OTHER", IF(ISNUMBER(SEARCH("_BMP_",Table2[[#This Row],[SFMC Name]])),"BMP","***CHECK***"))))))) -> THEA | K57: =_xlfn.TEXTAFTER(Table2[[#This Row],[SFMC Name]],"_",4) -> PointsOfferAvatarWayOfTheWater | L57: CPX_20230210_THEA_CM00617_PointsOfferAvatarWayOfTheWater | M57: 44967 | N57: 604 | O57: 26 | P57: 707 | Q57: =Table2[[#This Row],[Orders]]/Table2[[#This Row],[Visits]] -> 0.043046358
J58: =IF(ISNUMBER(SEARCH("_LBE_",Table2[[#This Row],[SFMC Name]])),"LBE", IF(ISNUMBER(SEARCH("_THEA_",Table2[[#This Row],[SFMC Name]])),"THEA", IF(ISNUMBER(SEARCH("_STORE_",Table2[[#This Row],[SFMC Name]])),"STORE", IF(ISNUMBER(SEARCH("_CLUB_",Table2[[#This Row],[SFMC Name]])),"CINECLUB", IF(ISNUMBER(SEARCH("_CINECLUB_",Table2[[#This Row],[SFMC Name]])),"CINECLUB", IF(ISNUMBER(SEARCH("_OTHER_",Table2[[#This Row],[SFMC Name]])),"OTHER", IF(ISNUMBER(SEARCH("_BMP_",Table2[[#This Row],[SFMC Name]])),"BMP","***CHECK***"))))))) -> THEA | K58: =_xlfn.TEXTAFTER(Table2[[#This Row],[SFMC Name]],"_",4) -> AdvTicketsFastX | L58: CPX_20230210_THEA_CM00616_AdvTicketsFastX | M58: 44967 | N58: 13190 | O58: 419 | P58: 18544 | Q58: =Table2[[#This Row],[Orders]]/Table2[[#This Row],[Visits]] -> 0.03176649
J59: =IF(ISNUMBER(SEARCH("_LBE_",Table2[[#This Row],[SFMC Name]])),"LBE", IF(ISNUMBER(SEARCH("_THEA_",Table2[[#This Row],[SFMC Name]])),"THEA", IF(ISNUMBER(SEARCH("_STORE_",Table2[[#This Row],[SFMC Name]])),"STORE", IF(ISNUMBER(SEARCH("_CLUB_",Table2[[#This Row],[SFMC Name]])),"CINECLUB", IF(ISNUMBER(SEARCH("_CINECLUB_",Table2[[#This Row],[SFMC Name]])),"CINECLUB", IF(ISNUMBER(SEARCH("_OTHER_",Table2[[#This Row],[SFMC Name]])),"OTHER", IF(ISNUMBER(SEARCH("_BMP_",Table2[[#This Row],[SFMC Name]])),"BMP","***CHECK***"))))))) -> LBE | K59: =_xlfn.TEXTAFTER(Table2[[#This Row],[SFMC Name]],"_",4) -> HalfOffGameplayReminder | L59: CPX_20230212_LBE_CM00620_HalfOffGameplayReminder | M59: 44969 | N59: 0 | O59: 0 | P59: 0 | Q59: 0 | R59: Eventbrite
J60: =IF(ISNUMBER(SEARCH("_LBE_",Table2[[#This Row],[SFMC Name]])),"LBE", IF(ISNUMBER(SEARCH("_THEA_",Table2[[#This Row],[SFMC Name]])),"THEA", IF(ISNUMBER(SEARCH("_STORE_",Table2[[#This Row],[SFMC Name]])),"STORE", IF(ISNUMBER(SEARCH("_CLUB_",Table2[[#This Row],[SFMC Name]])),"CINECLUB", IF(ISNUMBER(SEARCH("_CINECLUB_",Table2[[#This Row],[SFMC Name]])),"CINECLUB", IF(ISNUMBER(SEARCH("_OTHER_",Table2[[#This Row],[SFMC Name]])),"OTHER", IF(ISNUMBER(SEARCH("_BMP_",Table2[[#This Row],[SFMC Name]])),"BMP","***CHECK***"))))))) -> LBE | K60: =_xlfn.TEXTAFTER(Table2[[#This Row],[SFMC Name]],"_",4) -> GameTagOffer | L60: CPX_20230213_LBE_CM00622_GameTagOffer | M60: 44970 | N60: 614 | O60: 0 | P60: 0 | Q60: =Table2[[#This Row],[Orders]]/Table2[[#This Row],[Visits]] -> 0
J61: =IF(ISNUMBER(SEARCH("_LBE_",Table2[[#This Row],[SFMC Name]])),"LBE", IF(ISNUMBER(SEARCH("_THEA_",Table2[[#This Row],[SFMC Name]])),"THEA", IF(ISNUMBER(SEARCH("_STORE_",Table2[[#This Row],[SFMC Name]])),"STORE", IF(ISNUMBER(SEARCH("_CLUB_",Table2[[#This Row],[SFMC Name]])),"CINECLUB", IF(ISNUMBER(SEARCH("_CINECLUB_",Table2[[#This Row],[SFMC Name]])),"CINECLUB", IF(ISNUMBER(SEARCH("_OTHER_",Table2[[#This Row],[SFMC Name]])),"OTHER", IF(ISNUMBER(SEARCH("_BMP_",Table2[[#This Row],[SFMC Name]])),"BMP","***CHECK***"))))))) -> STORE | K61: =_xlfn.TEXTAFTER(Table2[[#This Row],[SFMC Name]],"_",4) -> SpiceItUpValentinesDay | L61: CPX_20230214_STORE_CM00624_SpiceItUpValentinesDay | M61: 44971 | N61: 1170 | O61: 38 | P61: 233 | Q61: =Table2[[#This Row],[Orders]]/Table2[[#This Row],[Visits]] -> 0.032478632
J62: =IF(ISNUMBER(SEARCH("_LBE_",Table2[[#This Row],[SFMC Name]])),"LBE", IF(ISNUMBER(SEARCH("_THEA_",Table2[[#This Row],[SFMC Name]])),"THEA", IF(ISNUMBER(SEARCH("_STORE_",Table2[[#This Row],[SFMC Name]])),"STORE", IF(ISNUMBER(SEARCH("_CLUB_",Table2[[#This Row],[SFMC Name]])),"CINECLUB", IF(ISNUMBER(SEARCH("_CINECLUB_",Table2[[#This Row],[SFMC Name]])),"CINECLUB", IF(ISNUMBER(SEARCH("_OTHER_",Table2[[#This Row],[SFMC Name]])),"OTHER", IF(ISNUMBER(SEARCH("_BMP_",Table2[[#This Row],[SFMC Name]])),"BMP","***CHECK***"))))))) -> THEA | K62: =_xlfn.TEXTAFTER(Table2[[#This Row],[SFMC Name]],"_",4) -> TuesdayDeals | L62: CPX_20230214_THEA_CM00623_TuesdayDeals | M62: 44971 | N62: 3329 | O62: 79 | P62: 1881 | Q62: =Table2[[#This Row],[Orders]]/Table2[[#This Row],[Visits]] -> 0.02373085
J63: =IF(ISNUMBER(SEARCH("_LBE_",Table2[[#This Row],[SFMC Name]])),"LBE", IF(ISNUMBER(SEARCH("_THEA_",Table2[[#This Row],[SFMC Name]])),"THEA", IF(ISNUMBER(SEARCH("_STORE_",Table2[[#This Row],[SFMC Name]])),"STORE", IF(ISNUMBER(SEARCH("_CLUB_",Table2[[#This Row],[SFMC Name]])),"CINECLUB", IF(ISNUMBER(SEARCH("_CINECLUB_",Table2[[#This Row],[SFMC Name]])),"CINECLUB", IF(ISNUMBER(SEARCH("_OTHER_",Table2[[#This Row],[SFMC Name]])),"OTHER", IF(ISNUMBER(SEARCH("_BMP_",Table2[[#This Row],[SFMC Name]])),"BMP","***CHECK***"))))))) -> THEA | K63: =_xlfn.TEXTAFTER(Table2[[#This Row],[SFMC Name]],"_",4) -> XLCocaCola | L63: CPX_20230216_THEA_CM00629_XLCocaCola | M63: 44973 | N63: 14678 | O63: 147 | P63: 4739 | Q63: =Table2[[#This Row],[Orders]]/Table2[[#This Row],[Visits]] -> 0.010014988
J64: =IF(ISNUMBER(SEARCH("_LBE_",Table2[[#This Row],[SFMC Name]])),"LBE", IF(ISNUMBER(SEARCH("_THEA_",Table2[[#This Row],[SFMC Name]])),"THEA", IF(ISNUMBER(SEARCH("_STORE_",Table2[[#This Row],[SFMC Name]])),"STORE", IF(ISNUMBER(SEARCH("_CLUB_",Table2[[#This Row],[SFMC Name]])),"CINECLUB", IF(ISNUMBER(SEARCH("_CINECLUB_",Table2[[#This Row],[SFMC Name]])),"CINECLUB", IF(ISNUMBER(SEARCH("_OTHER_",Table2[[#This Row],[SFMC Name]])),"OTHER", IF(ISNUMBER(SEARCH("_BMP_",Table2[[#This Row],[SFMC Name]])),"BMP","***CHECK***"))))))) -> THEA | K64: =_xlfn.TEXTAFTER(Table2[[#This Row],[SFMC Name]],"_",4) -> D&TCineClubAcq#4 | L64: CPX_20230216_THEA_CM00628_D&TCineClubAcq#4 | M64: 44973 | N64: 750 | O64: 5 | P64: 87 | Q64: =Table2[[#This Row],[Orders]]/Table2[[#This Row],[Visits]] -> 0.0066666667
J65: =IF(ISNUMBER(SEARCH("_LBE_",Table2[[#This Row],[SFMC Name]])),"LBE", IF(ISNUMBER(SEARCH("_THEA_",Table2[[#This Row],[SFMC Name]])),"THEA", IF(ISNUMBER(SEARCH("_STORE_",Table2[[#This Row],[SFMC Name]])),"STORE", IF(ISNUMBER(SEARCH("_CLUB_",Table2[[#This Row],[SFMC Name]])),"CINECLUB", IF(ISNUMBER(SEARCH("_CINECLUB_",Table2[[#This Row],[SFMC Name]])),"CINECLUB", IF(ISNUMBER(SEARCH("_OTHER_",Table2[[#This Row],[SFMC Name]])),"OTHER", IF(ISNUMBER(SEARCH("_BMP_",Table2[[#This Row],[SFMC Name]])),"BMP","***CHECK***"))))))) -> THEA | K65: =_xlfn.TEXTAFTER(Table2[[#This Row],[SFMC Name]],"_",4) -> AdvTicketJesusRevolution | L65: CPX_20230217_THEA_CM00634_AdvTicketJesusRevolution | M65: 44974 | N65: 734 | O65: 29 | P65: 768 | Q65: =Table2[[#This Row],[Orders]]/Table2[[#This Row],[Visits]] -> 0.039509537
J66: =IF(ISNUMBER(SEARCH("_LBE_",Table2[[#This Row],[SFMC Name]])),"LBE", IF(ISNUMBER(SEARCH("_THEA_",Table2[[#This Row],[SFMC Name]])),"THEA", IF(ISNUMBER(SEARCH("_STORE_",Table2[[#This Row],[SFMC Name]])),"STORE", IF(ISNUMBER(SEARCH("_CLUB_",Table2[[#This Row],[SFMC Name]])),"CINECLUB", IF(ISNUMBER(SEARCH("_CINECLUB_",Table2[[#This Row],[SFMC Name]])),"CINECLUB", IF(ISNUMBER(SEARCH("_OTHER_",Table2[[#This Row],[SFMC Name]])),"OTHER", IF(ISNUMBER(SEARCH("_BMP_",Table2[[#This Row],[SFMC Name]])),"BMP","***CHECK***"))))))) -> STORE | K66: =_xlfn.TEXTAFTER(Table2[[#This Row],[SFMC Name]],"_",4) -> StoreNewsletterEN | L66: CPX_20230217_STORE_CM00631_StoreNewsletterEN | M66: 44974 | N66: 7300 | O66: 243 | P66: 1924 | Q66: =Table2[[#This Row],[Orders]]/Table2[[#This Row],[Visits]] -> 0.033287671
J67: =IF(ISNUMBER(SEARCH("_LBE_",Table2[[#This Row],[SFMC Name]])),"LBE", IF(ISNUMBER(SEARCH("_THEA_",Table2[[#This Row],[SFMC Name]])),"THEA", IF(ISNUMBER(SEARCH("_STORE_",Table2[[#This Row],[SFMC Name]])),"STORE", IF(ISNUMBER(SEARCH("_CLUB_",Table2[[#This Row],[SFMC Name]])),"CINECLUB", IF(ISNUMBER(SEARCH("_CINECLUB_",Table2[[#This Row],[SFMC Name]])),"CINECLUB", IF(ISNUMBER(SEARCH("_OTHER_",Table2[[#This Row],[SFMC Name]])),"OTHER", IF(ISNUMBER(SEARCH("_BMP_",Table2[[#This Row],[SFMC Name]])),"BMP","***CHECK***"))))))) -> THEA | K67: =_xlfn.TEXTAFTER(Table2[[#This Row],[SFMC Name]],"_",4) -> CatalogueTitles | L67: CPX_20230217_THEA_CM00630_CatalogueTitles | M67: 44974 | N67: 20336 | O67: 366 | P67: 13997 | Q67: =Table2[[#This Row],[Orders]]/Table2[[#This Row],[Visits]] -> 0.01799764
J68: =IF(ISNUMBER(SEARCH("_LBE_",Table2[[#This Row],[SFMC Name]])),"LBE", IF(ISNUMBER(SEARCH("_THEA_",Table2[[#This Row],[SFMC Name]])),"THEA", IF(ISNUMBER(SEARCH("_STORE_",Table2[[#This Row],[SFMC Name]])),"STORE", IF(ISNUMBER(SEARCH("_CLUB_",Table2[[#This Row],[SFMC Name]])),"CINECLUB", IF(ISNUMBER(SEARCH("_CINECLUB_",Table2[[#This Row],[SFMC Name]])),"CINECLUB", IF(ISNUMBER(SEARCH("_OTHER_",Table2[[#This Row],[SFMC Name]])),"OTHER", IF(ISNUMBER(SEARCH("_BMP_",Table2[[#This Row],[SFMC Name]])),"BMP","***CHECK***"))))))) -> THEA | K68: =_xlfn.TEXTAFTER(Table2[[#This Row],[SFMC Name]],"_",4) -> FamilyNewsletter | L68: CPX_20230218_THEA_CM00633_FamilyNewsletter | M68: 44975 | N68: 3702 | O68: 54 | P68: 1870 | Q68: =Table2[[#This Row],[Orders]]/Table2[[#This Row],[Visits]] -> 0.01458671
J69: =IF(ISNUMBER(SEARCH("_LBE_",Table2[[#This Row],[SFMC Name]])),"LBE", IF(ISNUMBER(SEARCH("_THEA_",Table2[[#This Row],[SFMC Name]])),"THEA", IF(ISNUMBER(SEARCH("_STORE_",Table2[[#This Row],[SFMC Name]])),"STORE", IF(ISNUMBER(SEARCH("_CLUB_",Table2[[#This Row],[SFMC Name]])),"CINECLUB", IF(ISNUMBER(SEARCH("_CINECLUB_",Table2[[#This Row],[SFMC Name]])),"CINECLUB", IF(ISNUMBER(SEARCH("_OTHER_",Table2[[#This Row],[SFMC Name]])),"OTHER", IF(ISNUMBER(SEARCH("_BMP_",Table2[[#This Row],[SFMC Name]])),"BMP","***CHECK***"))))))) -> STORE | K69: =_xlfn.TEXTAFTER(Table2[[#This Row],[SFMC Name]],"_",4) -> StoreNewsletterFR | L69: CPX_20230218_STORE_CM00632_StoreNewsletterFR | M69: 44975 | N69: 308 | O69: 15 | P69: 85 | Q69: =Table2[[#This Row],[Orders]]/Table2[[#This Row],[Visits]] -> 0.048701299
J70: =IF(ISNUMBER(SEARCH("_LBE_",Table2[[#This Row],[SFMC Name]])),"LBE", IF(ISNUMBER(SEARCH("_THEA_",Table2[[#This Row],[SFMC Name]])),"THEA", IF(ISNUMBER(SEARCH("_STORE_",Table2[[#This Row],[SFMC Name]])),"STORE", IF(ISNUMBER(SEARCH("_CLUB_",Table2[[#This Row],[SFMC Name]])),"CINECLUB", IF(ISNUMBER(SEARCH("_CINECLUB_",Table2[[#This Row],[SFMC Name]])),"CINECLUB", IF(ISNUMBER(SEARCH("_OTHER_",Table2[[#This Row],[SFMC Name]])),"OTHER", IF(ISNUMBER(SEARCH("_BMP_",Table2[[#This Row],[SFMC Name]])),"BMP","***CHECK***"))))))) -> THEA | K70: =_xlfn.TEXTAFTER(Table2[[#This Row],[SFMC Name]],"_",4) -> 1MPointContestReminder | L70: CPX_20230220_THEA_CM00635_1MPointContestReminder | M70: 44977 | N70: 75004 | O70: 211 | P70: 5720 | Q70: =Table2[[#This Row],[Orders]]/Table2[[#This Row],[Visits]] -> 0.0028131833
J71: =IF(ISNUMBER(SEARCH("_LBE_",Table2[[#This Row],[SFMC Name]])),"LBE", IF(ISNUMBER(SEARCH("_THEA_",Table2[[#This Row],[SFMC Name]])),"THEA", IF(ISNUMBER(SEARCH("_STORE_",Table2[[#This Row],[SFMC Name]])),"STORE", IF(ISNUMBER(SEARCH("_CLUB_",Table2[[#This Row],[SFMC Name]])),"CINECLUB", IF(ISNUMBER(SEARCH("_CINECLUB_",Table2[[#This Row],[SFMC Name]])),"CINECLUB", IF(ISNUMBER(SEARCH("_OTHER_",Table2[[#This Row],[SFMC Name]])),"OTHER", IF(ISNUMBER(SEARCH("_BMP_",Table2[[#This Row],[SFMC Name]])),"BMP","***CHECK***"))))))) -> THEA | K71: =_xlfn.TEXTAFTER(Table2[[#This Row],[SFMC Name]],"_",4) -> HalfOffGamePlayReminder | L71: CPX_20230221_THEA_CM00637_HalfOffGamePlayReminder | M71: 44978 | N71: 0 | O71: 0 | P71: 0 | Q71: 0
J72: =IF(ISNUMBER(SEARCH("_LBE_",Table2[[#This Row],[SFMC Name]])),"LBE", IF(ISNUMBER(SEARCH("_THEA_",Table2[[#This Row],[SFMC Name]])),"THEA", IF(ISNUMBER(SEARCH("_STORE_",Table2[[#This Row],[SFMC Name]])),"STORE", IF(ISNUMBER(SEARCH("_CLUB_",Table2[[#This Row],[SFMC Name]])),"CINECLUB", IF(ISNUMBER(SEARCH("_CINECLUB_",Table2[[#This Row],[SFMC Name]])),"CINECLUB", IF(ISNUMBER(SEARCH("_OTHER_",Table2[[#This Row],[SFMC Name]])),"OTHER", IF(ISNUMBER(SEARCH("_BMP_",Table2[[#This Row],[SFMC Name]])),"BMP","***CHECK***"))))))) -> THEA | K72: =_xlfn.TEXTAFTER(Table2[[#This Row],[SFMC Name]],"_",4) -> TuesdayDeals | L72: CPX_20230221_THEA_CM00636_TuesdayDeals | M72: 44978 | N72: 3078 | O72: 48 | P72: 940 | Q72: =Table2[[#This Row],[Orders]]/Table2[[#This Row],[Visits]] -> 0.015594542
J73: =IF(ISNUMBER(SEARCH("_LBE_",Table2[[#This Row],[SFMC Name]])),"LBE", IF(ISNUMBER(SEARCH("_THEA_",Table2[[#This Row],[SFMC Name]])),"THEA", IF(ISNUMBER(SEARCH("_STORE_",Table2[[#This Row],[SFMC Name]])),"STORE", IF(ISNUMBER(SEARCH("_CLUB_",Table2[[#This Row],[SFMC Name]])),"CINECLUB", IF(ISNUMBER(SEARCH("_CINECLUB_",Table2[[#This Row],[SFMC Name]])),"CINECLUB", IF(ISNUMBER(SEARCH("_OTHER_",Table2[[#This Row],[SFMC Name]])),"OTHER", IF(ISNUMBER(SEARCH("_BMP_",Table2[[#This Row],[SFMC Name]])),"BMP","***CHECK***"))))))) -> THEA | K73: =_xlfn.TEXTAFTER(Table2[[#This Row],[SFMC Name]],"_",4) -> 2xScenePointsOffer | L73: CPX_20230222_THEA_CM00639_2xScenePointsOffer | M73: 44979 | N73: 15702 | O73: 506 | P73: 17620 | Q73: =Table2[[#This Row],[Orders]]/Table2[[#This Row],[Visits]] -> 0.032225194
J74: =IF(ISNUMBER(SEARCH("_LBE_",Table2[[#This Row],[SFMC Name]])),"LBE", IF(ISNUMBER(SEARCH("_THEA_",Table2[[#This Row],[SFMC Name]])),"THEA", IF(ISNUMBER(SEARCH("_STORE_",Table2[[#This Row],[SFMC Name]])),"STORE", IF(ISNUMBER(SEARCH("_CLUB_",Table2[[#This Row],[SFMC Name]])),"CINECLUB", IF(ISNUMBER(SEARCH("_CINECLUB_",Table2[[#This Row],[SFMC Name]])),"CINECLUB", IF(ISNUMBER(SEARCH("_OTHER_",Table2[[#This Row],[SFMC Name]])),"OTHER", IF(ISNUMBER(SEARCH("_BMP_",Table2[[#This Row],[SFMC Name]])),"BMP","***CHECK***"))))))) -> THEA | K74: =_xlfn.TEXTAFTER(Table2[[#This Row],[SFMC Name]],"_",4) -> Luther | L74: CPX_20230223_THEA_CM00642_Luther | M74: 44980 | N74: 292 | O74: 9 | P74: 246 | Q74: =Table2[[#This Row],[Orders]]/Table2[[#This Row],[Visits]] -> 0.030821918
J75: =IF(ISNUMBER(SEARCH("_LBE_",Table2[[#This Row],[SFMC Name]])),"LBE", IF(ISNUMBER(SEARCH("_THEA_",Table2[[#This Row],[SFMC Name]])),"THEA", IF(ISNUMBER(SEARCH("_STORE_",Table2[[#This Row],[SFMC Name]])),"STORE", IF(ISNUMBER(SEARCH("_CLUB_",Table2[[#This Row],[SFMC Name]])),"CINECLUB", IF(ISNUMBER(SEARCH("_CINECLUB_",Table2[[#This Row],[SFMC Name]])),"CINECLUB", IF(ISNUMBER(SEARCH("_OTHER_",Table2[[#This Row],[SFMC Name]])),"OTHER", IF(ISNUMBER(SEARCH("_BMP_",Table2[[#This Row],[SFMC Name]])),"BMP","***CHECK***"))))))) -> THEA | K75: =_xlfn.TEXTAFTER(Table2[[#This Row],[SFMC Name]],"_",4) -> SceneAcquisitionOfferReminder | L75: CPX_20230223_THEA_CM00640_SceneAcquisitionOfferReminder | M75: 44980 | N75: 673 | O75: 14 | P75: 468 | Q75: =Table2[[#This Row],[Orders]]/Table2[[#This Row],[Visits]] -> 0.020802377
J76: =IF(ISNUMBER(SEARCH("_LBE_",Table2[[#This Row],[SFMC Name]])),"LBE", IF(ISNUMBER(SEARCH("_THEA_",Table2[[#This Row],[SFMC Name]])),"THEA", IF(ISNUMBER(SEARCH("_STORE_",Table2[[#This Row],[SFMC Name]])),"STORE", IF(ISNUMBER(SEARCH("_CLUB_",Table2[[#This Row],[SFMC Name]])),"CINECLUB", IF(ISNUMBER(SEARCH("_CINECLUB_",Table2[[#This Row],[SFMC Name]])),"CINECLUB", IF(ISNUMBER(SEARCH("_OTHER_",Table2[[#This Row],[SFMC Name]])),"OTHER", IF(ISNUMBER(SEARCH("_BMP_",Table2[[#This Row],[SFMC Name]])),"BMP","***CHECK***"))))))) -> STORE | K76: =_xlfn.TEXTAFTER(Table2[[#This Row],[SFMC Name]],"_",4) -> StoreNewsletterEN | L76: CPX_20230224_STORE_CM00646_StoreNewsletterEN | M76: 44981 | N76: 4949 | O76: 80 | P76: 988.4 | Q76: =Table2[[#This Row],[Orders]]/Table2[[#This Row],[Visits]] -> 0.016164882
J77: =IF(ISNUMBER(SEARCH("_LBE_",Table2[[#This Row],[SFMC Name]])),"LBE", IF(ISNUMBER(SEARCH("_THEA_",Table2[[#This Row],[SFMC Name]])),"THEA", IF(ISNUMBER(SEARCH("_STORE_",Table2[[#This Row],[SFMC Name]])),"STORE", IF(ISNUMBER(SEARCH("_CLUB_",Table2[[#This Row],[SFMC Name]])),"CINECLUB", IF(ISNUMBER(SEARCH("_CINECLUB_",Table2[[#This Row],[SFMC Name]])),"CINECLUB", IF(ISNUMBER(SEARCH("_OTHER_",Table2[[#This Row],[SFMC Name]])),"OTHER", IF(ISNUMBER(SEARCH("_BMP_",Table2[[#This Row],[SFMC Name]])),"BMP","***CHECK***"))))))) -> THEA | K77: =_xlfn.TEXTAFTER(Table2[[#This Row],[SFMC Name]],"_",4) -> CatalogueTitles | L77: CPX_20230224_THEA_CM00645_CatalogueTitles | M77: 44981 | N77: 18239 | O77: 195 | P77: 6591.91 | Q77: =Table2[[#This Row],[Orders]]/Table2[[#This Row],[Visits]] -> 0.010691376
J78: =IF(ISNUMBER(SEARCH("_LBE_",Table2[[#This Row],[SFMC Name]])),"LBE", IF(ISNUMBER(SEARCH("_THEA_",Table2[[#This Row],[SFMC Name]])),"THEA", IF(ISNUMBER(SEARCH("_STORE_",Table2[[#This Row],[SFMC Name]])),"STORE", IF(ISNUMBER(SEARCH("_CLUB_",Table2[[#This Row],[SFMC Name]])),"CINECLUB", IF(ISNUMBER(SEARCH("_CINECLUB_",Table2[[#This Row],[SFMC Name]])),"CINECLUB", IF(ISNUMBER(SEARCH("_OTHER_",Table2[[#This Row],[SFMC Name]])),"OTHER", IF(ISNUMBER(SEARCH("_BMP_",Table2[[#This Row],[SFMC Name]])),"BMP","***CHECK***"))))))) -> THEA | K78: =_xlfn.TEXTAFTER(Table2[[#This Row],[SFMC Name]],"_",4) -> CocoFerme | L78: CPX_20230224_THEA_CM00644_CocoFerme | M78: 44981 | N78: 112 | O78: 1 | P78: 26.46 | Q78: =Table2[[#This Row],[Orders]]/Table2[[#This Row],[Visits]] -> 0.0089285714
J79: =IF(ISNUMBER(SEARCH("_LBE_",Table2[[#This Row],[SFMC Name]])),"LBE", IF(ISNUMBER(SEARCH("_THEA_",Table2[[#This Row],[SFMC Name]])),"THEA", IF(ISNUMBER(SEARCH("_STORE_",Table2[[#This Row],[SFMC Name]])),"STORE", IF(ISNUMBER(SEARCH("_CLUB_",Table2[[#This Row],[SFMC Name]])),"CINECLUB", IF(ISNUMBER(SEARCH("_CINECLUB_",Table2[[#This Row],[SFMC Name]])),"CINECLUB", IF(ISNUMBER(SEARCH("_OTHER_",Table2[[#This Row],[SFMC Name]])),"OTHER", IF(ISNUMBER(SEARCH("_BMP_",Table2[[#This Row],[SFMC Name]])),"BMP","***CHECK***"))))))) -> THEA | K79: =_xlfn.TEXTAFTER(Table2[[#This Row],[SFMC Name]],"_",4) -> AdvTicketsShazam | L79: CPX_20230224_THEA_CM00643_AdvTicketsShazam | M79: 44981 | N79: 7626 | O79: 228 | P79: 8833.2 | Q79: =Table2[[#This Row],[Orders]]/Table2[[#This Row],[Visits]] -> 0.029897718
J80: =IF(ISNUMBER(SEARCH("_LBE_",Table2[[#This Row],[SFMC Name]])),"LBE", IF(ISNUMBER(SEARCH("_THEA_",Table2[[#This Row],[SFMC Name]])),"THEA", IF(ISNUMBER(SEARCH("_STORE_",Table2[[#This Row],[SFMC Name]])),"STORE", IF(ISNUMBER(SEARCH("_CLUB_",Table2[[#This Row],[SFMC Name]])),"CINECLUB", IF(ISNUMBER(SEARCH("_CINECLUB_",Table2[[#This Row],[SFMC Name]])),"CINECLUB", IF(ISNUMBER(SEARCH("_OTHER_",Table2[[#This Row],[SFMC Name]])),"OTHER", IF(ISNUMBER(SEARCH("_BMP_",Table2[[#This Row],[SFMC Name]])),"BMP","***CHECK***"))))))) -> BMP | K80: =_xlfn.TEXTAFTER(Table2[[#This Row],[SFMC Name]],"_",4) -> HybridMeetings | L80: CPX_20230227_BMP_CM00648_HybridMeetings | M80: 44984 | N80: 59 | O80: 0 | P80: 0 | Q80: =Table2[[#This Row],[Orders]]/Table2[[#This Row],[Visits]] -> 0
J81: =IF(ISNUMBER(SEARCH("_LBE_",Table2[[#This Row],[SFMC Name]])),"LBE", IF(ISNUMBER(SEARCH("_THEA_",Table2[[#This Row],[SFMC Name]])),"THEA", IF(ISNUMBER(SEARCH("_STORE_",Table2[[#This Row],[SFMC Name]])),"STORE", IF(ISNUMBER(SEARCH("_CLUB_",Table2[[#This Row],[SFMC Name]])),"CINECLUB", IF(ISNUMBER(SEARCH("_CINECLUB_",Table2[[#This Row],[SFMC Name]])),"CINECLUB", IF(ISNUMBER(SEARCH("_OTHER_",Table2[[#This Row],[SFMC Name]])),"OTHER", IF(ISNUMBER(SEARCH("_BMP_",Table2[[#This Row],[SFMC Name]])),"BMP","***CHECK***"))))))) -> THEA | K81: =_xlfn.TEXTAFTER(Table2[[#This Row],[SFMC Name]],"_",4) -> TuesdayDeals | L81: CPX_20230228_THEA_CM00649_TuesdayDeals | M81: 44985 | N81: 5175 | O81: 82 | P81: 1796.78 | Q81: =Table2[[#This Row],[Orders]]/Table2[[#This Row],[Visits]] -> 0.015845411
J82: =IF(ISNUMBER(SEARCH("_LBE_",Table2[[#This Row],[SFMC Name]])),"LBE", IF(ISNUMBER(SEARCH("_THEA_",Table2[[#This Row],[SFMC Name]])),"THEA", IF(ISNUMBER(SEARCH("_STORE_",Table2[[#This Row],[SFMC Name]])),"STORE", IF(ISNUMBER(SEARCH("_CLUB_",Table2[[#This Row],[SFMC Name]])),"CINECLUB", IF(ISNUMBER(SEARCH("_CINECLUB_",Table2[[#This Row],[SFMC Name]])),"CINECLUB", IF(ISNUMBER(SEARCH("_OTHER_",Table2[[#This Row],[SFMC Name]])),"OTHER", IF(ISNUMBER(SEARCH("_BMP_",Table2[[#This Row],[SFMC Name]])),"BMP","***CHECK***"))))))) -> THEA | K82: =_xlfn.TEXTAFTER(Table2[[#This Row],[SFMC Name]],"_",4) -> AdvTicketJohnWickChpt4 | L82: CPX_20230301_THEA_CM00650_AdvTicketJohnWickChpt4 | M82: 44986 | N82: 16715 | O82: 1133 | P82: 50285 | Q82: =Table2[[#This Row],[Orders]]/Table2[[#This Row],[Visits]] -> 0.067783428
J83: =IF(ISNUMBER(SEARCH("_LBE_",Table2[[#This Row],[SFMC Name]])),"LBE", IF(ISNUMBER(SEARCH("_THEA_",Table2[[#This Row],[SFMC Name]])),"THEA", IF(ISNUMBER(SEARCH("_STORE_",Table2[[#This Row],[SFMC Name]])),"STORE", IF(ISNUMBER(SEARCH("_CLUB_",Table2[[#This Row],[SFMC Name]])),"CINECLUB", IF(ISNUMBER(SEARCH("_CINECLUB_",Table2[[#This Row],[SFMC Name]])),"CINECLUB", IF(ISNUMBER(SEARCH("_OTHER_",Table2[[#This Row],[SFMC Name]])),"OTHER", IF(ISNUMBER(SEARCH("_BMP_",Table2[[#This Row],[SFMC Name]])),"BMP","***CHECK***"))))))) -> LBE | K83: =_xlfn.TEXTAFTER(Table2[[#This Row],[SFMC Name]],"_",4) -> SpringBreakOffer | L83: CPX_20230301_LBE_CM00653_SpringBreakOffer | M83: 44986 | N83: 814 | O83: 0 | P83: 0 | Q83: =Table2[[#This Row],[Orders]]/Table2[[#This Row],[Visits]] -> 0
... J116: =IF(ISNUMBER(SEARCH("_LBE_",Table2[[#This Row],[SFMC Name]])),"LBE", IF(ISNUMBER(SEARCH("_THEA_",Table2[[#This Row],[SFMC Name]])),"THEA", IF(ISNUMBER(SEARCH("_STORE_",Table2[[#This Row],[SFMC Name]])),"STORE", IF(ISNUMBER(SEARCH("_CLUB_",Table2[[#This Row],[SFMC Name]])),"CINECLUB", IF(ISNUMBER(SEARCH("_CINECLUB_",Table2[[#This Row],[SFMC Name]])),"CINECLUB", IF(ISNUMBER(SEARCH("_OTHER_",Table2[[#This Row],[SFMC Name]])),"OTHER", IF(ISNUMBER(SEARCH("_BMP_",Table2[[#This Row],[SFMC Name]])),"BMP","***CHECK***"))))))) -> THEA | K116: =_xlfn.TEXTAFTER(Table2[[#This Row],[SFMC Name]],"_",4) -> TuesdayDealsRFM2 | L116: CPX_20230328_THEA_CM00698_TuesdayDealsRFM2 | M116: 45013 | N116: 329 | O116: 3 | P116: 188 | Q116: =Table2[[#This Row],[Orders]]/Table2[[#This Row],[Visits]] -> 0.009118541
J117: =IF(ISNUMBER(SEARCH("_LBE_",Table2[[#This Row],[SFMC Name]])),"LBE", IF(ISNUMBER(SEARCH("_THEA_",Table2[[#This Row],[SFMC Name]])),"THEA", IF(ISNUMBER(SEARCH("_STORE_",Table2[[#This Row],[SFMC Name]])),"STORE", IF(ISNUMBER(SEARCH("_CLUB_",Table2[[#This Row],[SFMC Name]])),"CINECLUB", IF(ISNUMBER(SEARCH("_CINECLUB_",Table2[[#This Row],[SFMC Name]])),"CINECLUB", IF(ISNUMBER(SEARCH("_OTHER_",Table2[[#This Row],[SFMC Name]])),"OTHER", IF(ISNUMBER(SEARCH("_BMP_",Table2[[#This Row],[SFMC Name]])),"BMP","***CHECK***"))))))) -> BMP | K117: =_xlfn.TEXTAFTER(Table2[[#This Row],[SFMC Name]],"_",4) -> PrePaidProducts | L117: CPX_20230328_BMP_CM00712_PrePaidProducts | M117: 45013 | N117: 0 | O117: 0 | P117: 0 | Q117: 0
J118: =IF(ISNUMBER(SEARCH("_LBE_",Table2[[#This Row],[SFMC Name]])),"LBE", IF(ISNUMBER(SEARCH("_THEA_",Table2[[#This Row],[SFMC Name]])),"THEA", IF(ISNUMBER(SEARCH("_STORE_",Table2[[#This Row],[SFMC Name]])),"STORE", IF(ISNUMBER(SEARCH("_CLUB_",Table2[[#This Row],[SFMC Name]])),"CINECLUB", IF(ISNUMBER(SEARCH("_CINECLUB_",Table2[[#This Row],[SFMC Name]])),"CINECLUB", IF(ISNUMBER(SEARCH("_OTHER_",Table2[[#This Row],[SFMC Name]])),"OTHER", IF(ISNUMBER(SEARCH("_BMP_",Table2[[#This Row],[SFMC Name]])),"BMP","***CHECK***"))))))) -> LBE | K118: =_xlfn.TEXTAFTER(Table2[[#This Row],[SFMC Name]],"_",4) -> SpringBreakOfferFinalReminder | L118: CPX_20230329_LBE_CM00703_SpringBreakOfferFinalReminder | M118: 45014 | N118: 488 | O118: 0 | P118: 0 | Q118: =Table2[[#This Row],[Orders]]/Table2[[#This Row],[Visits]] -> 0
J119: =IF(ISNUMBER(SEARCH("_LBE_",Table2[[#This Row],[SFMC Name]])),"LBE", IF(ISNUMBER(SEARCH("_THEA_",Table2[[#This Row],[SFMC Name]])),"THEA", IF(ISNUMBER(SEARCH("_STORE_",Table2[[#This Row],[SFMC Name]])),"STORE", IF(ISNUMBER(SEARCH("_CLUB_",Table2[[#This Row],[SFMC Name]])),"CINECLUB", IF(ISNUMBER(SEARCH("_CINECLUB_",Table2[[#This Row],[SFMC Name]])),"CINECLUB", IF(ISNUMBER(SEARCH("_OTHER_",Table2[[#This Row],[SFMC Name]])),"OTHER", IF(ISNUMBER(SEARCH("_BMP_",Table2[[#This Row],[SFMC Name]])),"BMP","***CHECK***"))))))) -> BMP | K119: =_xlfn.TEXTAFTER(Table2[[#This Row],[SFMC Name]],"_",4) -> SchoolYearEndCelebration | L119: CPX_20230330_BMP_CM00701_SchoolYearEndCelebration | M119: 45015 | N119: 116 | O119: 0 | P119: 0 | Q119: =Table2[[#This Row],[Orders]]/Table2[[#This Row],[Visits]] -> 0
J120: =IF(ISNUMBER(SEARCH("_LBE_",Table2[[#This Row],[SFMC Name]])),"LBE", IF(ISNUMBER(SEARCH("_THEA_",Table2[[#This Row],[SFMC Name]])),"THEA", IF(ISNUMBER(SEARCH("_STORE_",Table2[[#This Row],[SFMC Name]])),"STORE", IF(ISNUMBER(SEARCH("_CLUB_",Table2[[#This Row],[SFMC Name]])),"CINECLUB", IF(ISNUMBER(SEARCH("_CINECLUB_",Table2[[#This Row],[SFMC Name]])),"CINECLUB", IF(ISNUMBER(SEARCH("_OTHER_",Table2[[#This Row],[SFMC Name]])),"OTHER", IF(ISNUMBER(SEARCH("_BMP_",Table2[[#This Row],[SFMC Name]])),"BMP","***CHECK***"))))))) -> STORE | K120: =_xlfn.TEXTAFTER(Table2[[#This Row],[SFMC Name]],"_",4) -> StoreNewsletterEN | L120: CPX_20230331_STORE_CM00706_StoreNewsletterEN | M120: 45016 | N120: 2971 | O120: 80 | P120: 678 | Q120: =Table2[[#This Row],[Orders]]/Table2[[#This Row],[Visits]] -> 0.026926961
J121: =IF(ISNUMBER(SEARCH("_LBE_",Table2[[#This Row],[SFMC Name]])),"LBE", IF(ISNUMBER(SEARCH("_THEA_",Table2[[#This Row],[SFMC Name]])),"THEA", IF(ISNUMBER(SEARCH("_STORE_",Table2[[#This Row],[SFMC Name]])),"STORE", IF(ISNUMBER(SEARCH("_CLUB_",Table2[[#This Row],[SFMC Name]])),"CINECLUB", IF(ISNUMBER(SEARCH("_CINECLUB_",Table2[[#This Row],[SFMC Name]])),"CINECLUB", IF(ISNUMBER(SEARCH("_OTHER_",Table2[[#This Row],[SFMC Name]])),"OTHER", IF(ISNUMBER(SEARCH("_BMP_",Table2[[#This Row],[SFMC Name]])),"BMP","***CHECK***"))))))) -> THEA | K121: =_xlfn.TEXTAFTER(Table2[[#This Row],[SFMC Name]],"_",4) -> CatalogueTitles | L121: CPX_20230331_THEA_CM00705_CatalogueTitles | M121: 45016 | N121: 18311 | O121: 414 | P121: 6046 | Q121: =Table2[[#This Row],[Orders]]/Table2[[#This Row],[Visits]] -> 0.02260936
J122: =IF(ISNUMBER(SEARCH("_LBE_",Table2[[#This Row],[SFMC Name]])),"LBE", IF(ISNUMBER(SEARCH("_THEA_",Table2[[#This Row],[SFMC Name]])),"THEA", IF(ISNUMBER(SEARCH("_STORE_",Table2[[#This Row],[SFMC Name]])),"STORE", IF(ISNUMBER(SEARCH("_CLUB_",Table2[[#This Row],[SFMC Name]])),"CINECLUB", IF(ISNUMBER(SEARCH("_CINECLUB_",Table2[[#This Row],[SFMC Name]])),"CINECLUB", IF(ISNUMBER(SEARCH("_OTHER_",Table2[[#This Row],[SFMC Name]])),"OTHER", IF(ISNUMBER(SEARCH("_BMP_",Table2[[#This Row],[SFMC Name]])),"BMP","***CHECK***"))))))) -> STORE | K122: =_xlfn.TEXTAFTER(Table2[[#This Row],[SFMC Name]],"_",4) -> StoreNewsletterFR | L122: CPX_20230401_STORE_CM00707_StoreNewsletterFR | M122: 45017 | N122: 250 | O122: 15 | P122: 148 | Q122: =Table2[[#This Row],[Orders]]/Table2[[#This Row],[Visits]] -> 0.06
J123: =IF(ISNUMBER(SEARCH("_LBE_",Table2[[#This Row],[SFMC Name]])),"LBE", IF(ISNUMBER(SEARCH("_THEA_",Table2[[#This Row],[SFMC Name]])),"THEA", IF(ISNUMBER(SEARCH("_STORE_",Table2[[#This Row],[SFMC Name]])),"STORE", IF(ISNUMBER(SEARCH("_CLUB_",Table2[[#This Row],[SFMC Name]])),"CINECLUB", IF(ISNUMBER(SEARCH("_CINECLUB_",Table2[[#This Row],[SFMC Name]])),"CINECLUB", IF(ISNUMBER(SEARCH("_OTHER_",Table2[[#This Row],[SFMC Name]])),"OTHER", IF(ISNUMBER(SEARCH("_BMP_",Table2[[#This Row],[SFMC Name]])),"BMP","***CHECK***"))))))) -> THEA | K123: =_xlfn.TEXTAFTER(Table2[[#This Row],[SFMC Name]],"_",4) -> Arts&CultureNewsletter | L123: CPX_20230401_THEA_CM00708_Arts&CultureNewsletter | M123: 45017 | N123: 2423 | O123: 84 | P123: 2673 | Q123: =Table2[[#This Row],[Orders]]/Table2[[#This Row],[Visits]] -> 0.034667767
J124: =IF(ISNUMBER(SEARCH("_LBE_",Table2[[#This Row],[SFMC Name]])),"LBE", IF(ISNUMBER(SEARCH("_THEA_",Table2[[#This Row],[SFMC Name]])),"THEA", IF(ISNUMBER(SEARCH("_STORE_",Table2[[#This Row],[SFMC Name]])),"STORE", IF(ISNUMBER(SEARCH("_CLUB_",Table2[[#This Row],[SFMC Name]])),"CINECLUB", IF(ISNUMBER(SEARCH("_CINECLUB_",Table2[[#This Row],[SFMC Name]])),"CINECLUB", IF(ISNUMBER(SEARCH("_OTHER_",Table2[[#This Row],[SFMC Name]])),"OTHER", IF(ISNUMBER(SEARCH("_BMP_",Table2[[#This Row],[SFMC Name]])),"BMP","***CHECK***"))))))) -> THEA | K124: =_xlfn.TEXTAFTER(Table2[[#This Row],[SFMC Name]],"_",4) -> SpringGiftPack#1 | L124: CPX_20230403_THEA_CM00713_SpringGiftPack#1 | M124: 45019 | N124: 23769 | O124: 384 | P124: 15360 | Q124: =Table2[[#This Row],[Orders]]/Table2[[#This Row],[Visits]] -> 0.016155497
J125: =IF(ISNUMBER(SEARCH("_LBE_",Table2[[#This Row],[SFMC Name]])),"LBE", IF(ISNUMBER(SEARCH("_THEA_",Table2[[#This Row],[SFMC Name]])),"THEA", IF(ISNUMBER(SEARCH("_STORE_",Table2[[#This Row],[SFMC Name]])),"STORE", IF(ISNUMBER(SEARCH("_CLUB_",Table2[[#This Row],[SFMC Name]])),"CINECLUB", IF(ISNUMBER(SEARCH("_CINECLUB_",Table2[[#This Row],[SFMC Name]])),"CINECLUB", IF(ISNUMBER(SEARCH("_OTHER_",Table2[[#This Row],[SFMC Name]])),"OTHER", IF(ISNUMBER(SEARCH("_BMP_",Table2[[#This Row],[SFMC Name]])),"BMP","***CHECK***"))))))) -> THEA | K125: =_xlfn.TEXTAFTER(Table2[[#This Row],[SFMC Name]],"_",4) -> TuesdayDeals | L125: CPX_20230404_THEA_CM00714_TuesdayDeals | M125: 45020 | N125: 3708 | O125: 98 | P125: 3189 | Q125: =Table2[[#This Row],[Orders]]/Table2[[#This Row],[Visits]] -> 0.026429342
J126: =IF(ISNUMBER(SEARCH("_LBE_",Table2[[#This Row],[SFMC Name]])),"LBE", IF(ISNUMBER(SEARCH("_THEA_",Table2[[#This Row],[SFMC Name]])),"THEA", IF(ISNUMBER(SEARCH("_STORE_",Table2[[#This Row],[SFMC Name]])),"STORE", IF(ISNUMBER(SEARCH("_CLUB_",Table2[[#This Row],[SFMC Name]])),"CINECLUB", IF(ISNUMBER(SEARCH("_CINECLUB_",Table2[[#This Row],[SFMC Name]])),"CINECLUB", IF(ISNUMBER(SEARCH("_OTHER_",Table2[[#This Row],[SFMC Name]])),"OTHER", IF(ISNUMBER(SEARCH("_BMP_",Table2[[#This Row],[SFMC Name]])),"BMP","***CHECK***"))))))) -> THEA | K126: =_xlfn.TEXTAFTER(Table2[[#This Row],[SFMC Name]],"_",4) -> AdvTicketGuardiansOfTheGalaxy3 | L126: CPX_20230405_THEA_CM00717_AdvTicketGuardiansOfTheGalaxy3 | M126: 45021 | N126: 21039 | O126: 1153 | P126: 58204 | Q126: =Table2[[#This Row],[Orders]]/Table2[[#This Row],[Visits]] -> 0.054802985
J127: =IF(ISNUMBER(SEARCH("_LBE_",Table2[[#This Row],[SFMC Name]])),"LBE", IF(ISNUMBER(SEARCH("_THEA_",Table2[[#This Row],[SFMC Name]])),"THEA", IF(ISNUMBER(SEARCH("_STORE_",Table2[[#This Row],[SFMC Name]])),"STORE", IF(ISNUMBER(SEARCH("_CLUB_",Table2[[#This Row],[SFMC Name]])),"CINECLUB", IF(ISNUMBER(SEARCH("_CINECLUB_",Table2[[#This Row],[SFMC Name]])),"CINECLUB", IF(ISNUMBER(SEARCH("_OTHER_",Table2[[#This Row],[SFMC Name]])),"OTHER", IF(ISNUMBER(SEARCH("_BMP_",Table2[[#This Row],[SFMC Name]])),"BMP","***CHECK***"))))))) -> THEA | K127: =_xlfn.TEXTAFTER(Table2[[#This Row],[SFMC Name]],"_",4) -> SuperMarioBrosConcesionsD&T | L127: CPX_20230405_THEA_CM00716_SuperMarioBrosConcesionsD&T | M127: 45021 | N127: 320 | O127: 16 | P127: 819 | Q127: =Table2[[#This Row],[Orders]]/Table2[[#This Row],[Visits]] -> 0.05
J128: =IF(ISNUMBER(SEARCH("_LBE_",Table2[[#This Row],[SFMC Name]])),"LBE", IF(ISNUMBER(SEARCH("_THEA_",Table2[[#This Row],[SFMC Name]])),"THEA", IF(ISNUMBER(SEARCH("_STORE_",Table2[[#This Row],[SFMC Name]])),"STORE", IF(ISNUMBER(SEARCH("_CLUB_",Table2[[#This Row],[SFMC Name]])),"CINECLUB", IF(ISNUMBER(SEARCH("_CINECLUB_",Table2[[#This Row],[SFMC Name]])),"CINECLUB", IF(ISNUMBER(SEARCH("_OTHER_",Table2[[#This Row],[SFMC Name]])),"OTHER", IF(ISNUMBER(SEARCH("_BMP_",Table2[[#This Row],[SFMC Name]])),"BMP","***CHECK***"))))))) -> THEA | K128: =_xlfn.TEXTAFTER(Table2[[#This Row],[SFMC Name]],"_",4) -> SuperMarioBrosSceneOffer | L128: CPX_20230406_THEA_CM00719_SuperMarioBrosSceneOffer | M128: 45022 | N128: 3777 | O128: 369 | P128: 17829 | Q128: =Table2[[#This Row],[Orders]]/Table2[[#This Row],[Visits]] -> 0.097696585
J129: =IF(ISNUMBER(SEARCH("_LBE_",Table2[[#This Row],[SFMC Name]])),"LBE", IF(ISNUMBER(SEARCH("_THEA_",Table2[[#This Row],[SFMC Name]])),"THEA", IF(ISNUMBER(SEARCH("_STORE_",Table2[[#This Row],[SFMC Name]])),"STORE", IF(ISNUMBER(SEARCH("_CLUB_",Table2[[#This Row],[SFMC Name]])),"CINECLUB", IF(ISNUMBER(SEARCH("_CINECLUB_",Table2[[#This Row],[SFMC Name]])),"CINECLUB", IF(ISNUMBER(SEARCH("_OTHER_",Table2[[#This Row],[SFMC Name]])),"OTHER", IF(ISNUMBER(SEARCH("_BMP_",Table2[[#This Row],[SFMC Name]])),"BMP","***CHECK***"))))))) -> THEA | K129: =_xlfn.TEXTAFTER(Table2[[#This Row],[SFMC Name]],"_",4) -> JohnWick4 | L129: CPX_20230407_THEA_CM00721_JohnWick4 | M129: 45023 | N129: 895 | O129: 69 | P129: 2213 | Q129: =Table2[[#This Row],[Orders]]/Table2[[#This Row],[Visits]] -> 0.077094972
